OfferID,ZoneID,TPNB
R30883049,12,051590098
R30883049,13,051590098
R30883050,12,052061602
R30883050,13,052061602
R29032445,12,063072516
R29032446,12,064881419
R29032485,12,066394889
R29029470,12,066367922
R29029485,12,066372116
R29032426,12,061587099
R29032465,12,070016031
R29032488,12,066394906
R29637630,12,061926344
R29637630,13,061926344
R29697965,12,071526658
R29697965,13,071526658
R30241105,12,053028676
R30241105,13,053028676
R30317486,13,070501390
R30317486,12,070501390
R30317585,12,070501349
R30317585,13,070501349
R30317608,12,070501257
R30317608,13,070501257
R30317631,12,070501303
R30317631,13,070501303
R30317633,12,070501228
R30317633,13,070501228
R30317645,13,070501274
R30317645,12,070501274
R30317725,12,070501729
R30317725,13,070501729
R30317606,13,064420471
R30317606,12,064420471
R30317705,12,064420367
R30317705,13,064420367
R30317586,13,070501695
R30317586,12,070501695
R30317565,12,064420655
R30317565,13,064420655
R30317488,13,070501770
R30317488,12,070501770
R30317505,13,070501464
R30317505,12,070501464
R30317587,12,070501159
R30317587,13,070501159
R30317686,13,070501194
R30317686,12,070501194
R30317525,12,070501211
R30317525,13,070501211
R30317605,13,070501136
R30317605,12,070501136
R30317609,13,070501263
R30317609,12,070501263
R30317626,13,070501741
R30317626,12,070501741
R30317666,13,070501424
R30317666,12,070501424
A30449849,9,070213039
A30449849,5,070213039
A30449849,6,070213039
A30449849,15,070213039
A30449849,8,070213039
A30449849,7,070213039
R30870966,13,074760945
R30870966,12,074760945
R30871005,12,074761005
R30871005,13,074761005
A30449861,8,070323957
A30449861,15,070323957
A30449861,5,070323957
A30449861,6,070323957
A30449861,9,070323957
A30449861,7,070323957
A30449853,15,070213235
A30449853,8,070213235
A30449853,7,070213235
A30449853,6,070213235
A30449853,5,070213235
A30449853,9,070213235
A30451905,8,070323963
A30451905,7,070323963
A30451905,5,070323963
A30451905,6,070323963
A30451905,15,070323963
A30451905,9,070323963
R30504985,13,059201678
R30504985,12,059201678
A30527086,7,073397490
A30527086,9,073397490
A30527086,5,073397490
A30527086,6,073397490
A30491325,9,071170980
A30491325,5,071170980
A30558265,7,072265204
A30558265,6,072265204
A30558265,5,072265204
A30558265,9,072265204
A30558266,7,072275083
A30558266,6,072275083
A30558266,5,072275083
A30558266,9,072275083
A30558267,7,072275388
A30558267,6,072275388
A30558267,5,072275388
A30558267,9,072275388
A30540868,5,071143068
A30540868,9,071143068
A30541046,5,059336584
A30541046,6,059336584
A30541046,9,059336584
A30541167,5,067399116
A30541167,6,067399116
A30541167,9,067399116
R30558345,12,065481534
R30558345,13,065481534
R30558365,12,060600190
R30558365,13,060600190
A30541007,5,071142766
A30541007,9,071142766
A30540932,5,071142910
A30540932,9,071142910
A30540971,9,071144793
A30540971,5,071144793
A30540971,6,071144793
A30541229,5,071142645
A30541229,9,071142645
A30579396,7,065378876
A30579396,9,065378876
A30579396,6,065378876
A30579396,5,065378876
A30598526,9,060154400
A30598526,5,060154400
A30628226,8,062941992
A30628226,15,062941992
R30636885,12,071051919
R30636985,12,070594439
R30637185,12,070512025
R30637385,12,072785625
R30637465,12,072399086
R30636745,12,064444794
R30637125,12,070324000
R30637045,12,070491198
R30637085,12,070323992
R30637487,12,072359779
R30649105,12,073143249
R30649105,13,073143249
R30649288,13,073143635
R30649288,12,073143635
A30656407,9,074344880
A30656407,5,074344880
A30656407,7,074344880
A30656407,6,074344880
R30692467,12,053010570
R30692467,13,053010570
R30692467,13,053010570-003
R30692467,13,053010570-002
R30692467,13,053010570-001
R30692467,13,053010570-004
R30692467,12,053010570-003
R30692467,12,053010570-002
R30692467,12,053010570-001
R30692467,12,053010570-004
R30692468,12,053011246
R30692468,13,053011246
R30692468,13,053011246-003
R30692468,13,053011246-002
R30692468,13,053011246-001
R30692468,13,053011246-004
R30692468,12,053011246-004
R30692468,12,053011246-003
R30692468,12,053011246-002
R30692468,12,053011246-001
R30692469,12,051386801
R30692469,13,051386801
R30692469,13,051386801-004
R30692469,13,051386801-003
R30692469,13,051386801-002
R30692469,13,051386801-001
R30692469,13,051386801-005
R30692469,12,051386801-004
R30692469,12,051386801-003
R30692469,12,051386801-002
R30692469,12,051386801-001
R30692469,12,051386801-005
R30692470,12,051386824
R30692470,13,051386824
R30692470,13,051386824-004
R30692470,13,051386824-003
R30692470,13,051386824-002
R30692470,13,051386824-001
R30692470,13,051386824-005
R30692470,12,051386824-004
R30692470,12,051386824-003
R30692470,12,051386824-002
R30692470,12,051386824-001
R30692470,12,051386824-005
R30692471,12,070816075
R30692471,13,070816075
R30692472,12,057900547-003
R30692472,12,057900547-002
R30692472,12,057900547-001
R30692472,12,057900547-004
R30692472,12,057900547
R30692472,13,057900547
R30692472,13,057900547-003
R30692472,13,057900547-002
R30692472,13,057900547-001
R30692472,13,057900547-004
R30692473,12,052553809-002
R30692473,12,052553809-001
R30692473,12,052553809-003
R30692473,12,052553809
R30692473,13,052553809
R30692473,13,052553809-002
R30692473,13,052553809-001
R30692473,13,052553809-003
R30692474,12,052765991-002
R30692474,12,052765991-001
R30692474,12,052765991-003
R30692474,12,052765991
R30692474,13,052765991
R30692474,13,052765991-003
R30692474,13,052765991-002
R30692474,13,052765991-001
R30692475,12,055952217
R30692475,13,055952217
R30692475,12,055952217-002
R30692475,12,055952217-001
R30692475,13,055952217-002
R30692475,13,055952217-001
R30692476,12,062520920
R30692476,13,062520920
R30692476,12,062520920-002
R30692476,12,062520920-001
R30692476,13,062520920-002
R30692476,13,062520920-001
R30692477,12,055952223
R30692477,13,055952223
R30692477,12,055952223-002
R30692477,12,055952223-001
R30692477,13,055952223-002
R30692477,13,055952223-001
R30692478,12,057065400
R30692478,13,057065400
R30692478,12,057065400-001
R30692478,13,057065400-001
R30692479,12,051386790
R30692479,13,051386790
R30692479,12,051386790-002
R30692479,12,051386790-001
R30692479,13,051386790-002
R30692479,13,051386790-001
R30692480,12,054766900
R30692480,13,054766900
R30692480,12,054766900-002
R30692480,12,054766900-001
R30692480,13,054766900-002
R30692480,13,054766900-001
R30692481,12,061235689
R30692481,13,061235689
R30692481,12,061235689-001
R30692481,13,061235689-001
R30692482,12,053540028
R30692482,13,053540028
R30692483,12,053540218
R30692483,13,053540218
R30692484,12,053540040
R30692484,13,053540040
R30692485,12,053540247
R30692485,13,053540247
R30692486,12,053540190
R30692486,13,053540190
R30692487,12,053543463
R30692487,13,053543463
R30692488,12,066903526
R30692488,13,066903526
R30692489,12,066903496
R30692489,13,066903496
R30692490,12,060854656
R30692490,13,060854656-003
R30692490,13,060854656-002
R30692490,13,060854656-001
R30692490,13,060854656
R30692490,12,060854656-002
R30692490,12,060854656-001
R30692490,12,060854656-003
A30668329,8,074080344
A30668329,15,074080344
R30649249,12,073143330
R30649249,13,073143330
R30682426,12,071919303
R30692446,12,061654400
R30692446,13,061654400
R30692447,12,061654436
R30692447,13,061654436
R30692448,12,072171568
R30692448,13,072171568
R30692449,12,072172596
R30692449,13,072172596
R30692450,12,052348235-002
R30692450,12,052348235-001
R30692450,12,052348235-003
R30692450,12,052348235
R30692450,13,052348235
R30692450,13,052348235-002
R30692450,13,052348235-001
R30692450,13,052348235-003
R30692451,12,052348258-001
R30692451,12,052348258-002
R30692451,12,052348258
R30692451,13,052348258
R30692451,13,052348258-001
R30692451,13,052348258-002
R30692452,12,053010535-002
R30692452,12,053010535-001
R30692452,12,053010535-003
R30692452,12,053010535
R30692452,13,053010535
R30692452,13,053010535-002
R30692452,13,053010535-001
R30692452,13,053010535-003
R30692453,12,053010541-001
R30692453,12,053010541-002
R30692453,12,053010541
R30692453,13,053010541
R30692453,13,053010541-001
R30692453,13,053010541-002
R30692454,12,057590428-002
R30692454,12,057590428-001
R30692454,12,057590428-003
R30692454,12,057590428
R30692454,13,057590428
R30692454,13,057590428-002
R30692454,13,057590428-001
R30692454,13,057590428-003
R30692455,12,057590618-001
R30692455,12,057590618-002
R30692455,12,057590618
R30692455,13,057590618
R30692455,13,057590618-001
R30692455,13,057590618-002
R30692456,12,052261319-002
R30692456,12,052261319-001
R30692456,12,052261319-003
R30692456,12,052261319
R30692456,13,052261319
R30692456,13,052261319-002
R30692456,13,052261319-001
R30692456,13,052261319-003
R30692457,13,052260729
R30692457,13,052260729-002
R30692457,13,052260729-001
R30692457,13,052260729-003
R30692457,12,052260729-002
R30692457,12,052260729-001
R30692457,12,052260729-003
R30692457,12,052260729
R30692458,12,060851669
R30692458,13,060851669
R30692458,13,060851669-001
R30692458,13,060851669-002
R30692458,12,060851669-001
R30692458,12,060851669-002
R30692459,12,066902975
R30692459,13,066902975
R30692459,13,066902975-001
R30692459,12,066902975-001
R30692460,12,073341579
R30692460,13,073341579
R30692461,12,073341544
R30692461,13,073341544
R30692462,12,053287218
R30692462,13,053287218
R30692462,13,053287218-001
R30692462,12,053287218-001
R30692463,12,050933536
R30692463,13,050933536
R30692463,13,050933536-003
R30692463,13,050933536-002
R30692463,13,050933536-001
R30692463,13,050933536-004
R30692463,12,050933536-003
R30692463,12,050933536-002
R30692463,12,050933536-001
R30692463,12,050933536-004
R30692464,12,050945614
R30692464,13,050945614
R30692464,13,050945614-003
R30692464,13,050945614-002
R30692464,13,050945614-001
R30692464,13,050945614-004
R30692464,12,050945614-003
R30692464,12,050945614-002
R30692464,12,050945614-001
R30692464,12,050945614-004
R30692465,12,050931538
R30692465,13,050931538
R30692465,13,050931538-004
R30692465,13,050931538-003
R30692465,13,050931538-002
R30692465,13,050931538-001
R30692465,13,050931538-005
R30692465,12,050931538-004
R30692465,12,050931538-003
R30692465,12,050931538-002
R30692465,12,050931538-001
R30692465,12,050931538-005
R30692466,12,050930551
R30692466,13,050930551
R30692466,13,050930551-004
R30692466,13,050930551-003
R30692466,13,050930551-002
R30692466,13,050930551-001
R30692466,12,050930551-003
R30692466,12,050930551-002
R30692466,12,050930551-001
R30692466,12,050930551-004
R30648858,13,073143445
R30648858,12,073143445
A30656047,7,070542064
A30656047,6,070542064
A30656047,9,070542064
A30838145,7,073546717
A30838145,6,073546717
A30838145,5,073546717
A30838145,9,073546717
A30838149,5,061133274
A30838149,6,061133274
A30838149,7,061133274
A30838149,9,061133274
R30649267,13,073143376
R30649267,12,073143376
R30649211,13,073758737
R30649211,12,073758737
A30656299,6,074344972
A30656299,5,074344972
A30656299,7,074344972
A30656299,9,074344972
A30656300,6,074345003
A30656300,5,074345003
A30656300,7,074345003
A30656300,9,074345003
A30656301,6,074345055
A30656301,5,074345055
A30656301,7,074345055
A30656301,9,074345055
A30656302,6,074345084
A30656302,5,074345084
A30656302,7,074345084
A30656302,9,074345084
A30656303,6,074345562
A30656303,5,074345562
A30656303,7,074345562
A30656303,9,074345562
A30656304,6,074345884
A30656304,5,074345884
A30656304,7,074345884
A30656304,9,074345884
A30656305,5,074346019
A30656305,7,074346019
A30656305,6,074346019
A30656305,9,074346019
A30656306,5,074346100
A30656306,7,074346100
A30656306,6,074346100
A30656306,9,074346100
A30656307,5,074346175
A30656307,7,074346175
A30656307,6,074346175
A30656307,9,074346175
A30656309,5,074346296
A30656309,7,074346296
A30656309,6,074346296
A30656309,9,074346296
A30656310,5,074347358
A30656310,7,074347358
A30656310,6,074347358
A30656310,9,074347358
A30656311,5,074361939
A30656311,7,074361939
A30656311,6,074361939
A30656311,9,074361939
A30656312,5,074361968
A30656312,6,074361968
A30656312,9,074361968
A30656312,7,074361968
A30656313,5,074361974
A30656313,6,074361974
A30656313,9,074361974
A30656313,7,074361974
A30656314,5,074361980
A30656314,6,074361980
A30656314,9,074361980
A30656314,7,074361980
A30656315,5,074361997
A30656315,6,074361997
A30656315,9,074361997
A30656315,7,074361997
A30656316,5,074362005
A30656316,6,074362005
A30656316,9,074362005
A30656316,7,074362005
A30713872,7,056930046
A30713872,6,056930046
A30713872,5,056930046
A30713872,9,056930046-001
A30713872,9,056930046
A30713872,7,056930046-001
A30713872,6,056930046-001
A30713872,5,056930046-001
A30713873,7,056929855
A30713873,6,056929855
A30713873,5,056929855
A30713873,9,056929855-001
A30713873,9,056929855
A30713873,7,056929855-001
A30713873,6,056929855-001
A30713873,5,056929855-001
A30713874,7,056930000
A30713874,6,056930000
A30713874,5,056930000
A30713874,9,056930000-001
A30713874,9,056930000
A30713874,7,056930000-001
A30713874,6,056930000-001
A30713874,5,056930000-001
R30739865,13,073780030
R30739865,12,073780030
R30739925,12,073780104
R30739925,13,073780104
R30739945,12,073780174
R30739945,13,073780174
A30828986,6,073022197
A30828986,5,073022197
A30828986,7,073022197
A30828986,9,073022197
A30828625,5,060508484-001
A30828625,6,060508484
A30828625,5,060508484
A30828625,6,060508484-001
A30828625,7,060508484-001
A30828625,7,060508484
A30828625,9,060508484
A30828625,9,060508484-001
A30752048,9,053525393
A30752048,7,053525393
A30752048,6,053525393
A30752048,5,053525393
A30752049,9,053525404
A30752049,7,053525404
A30752049,6,053525404
A30752049,5,053525404
A30752050,9,053525554
A30752050,7,053525554
A30752050,6,053525554
A30752050,5,053525554
A30752051,9,070690947
A30752051,7,070690947
A30752051,6,070690947
A30752051,5,070690947
R30739885,13,073780076
R30739885,12,073780076
R30739905,12,071822739
R30739905,13,071822739
A30763725,5,067934935
A30763725,15,067934935
A30763725,9,067934935
A30763725,8,067934935
A30763725,7,067934935
A30763725,6,067934935
A30763726,5,058000113
A30763726,9,058000113
A30763726,8,058000113
A30763726,7,058000113
A30763726,6,058000113
A30763726,15,058000113
R30739965,13,073780295
R30739965,12,073780295
A30763368,15,050224448
A30763368,9,050224448
A30763369,9,055417973
A30763369,15,055417973
A30763370,9,055418125
A30763370,15,055418125
A30763371,9,055418131
A30763371,15,055418131
A30763372,9,055418200
A30763372,15,055418200
A30763373,9,059826027
A30763373,15,059826027
A30763374,9,060607401
A30763374,15,060607401
A30763375,9,066926993
A30763375,15,066926993
A30763376,9,066927289
A30763376,15,066927289
A30763377,9,053522091
A30763377,9,053522091-001
A30763377,15,053522091-001
A30763377,15,053522091
A30764565,6,071480797
A30764565,5,071480797
A30764565,9,071480797
A30764565,7,071480797
A30764566,9,071480820
A30764566,7,071480820
A30764566,6,071480820
A30764566,5,071480820
A30764567,9,073268430
A30764567,7,073268430
A30764567,6,073268430
A30764567,5,073268430
A30763727,5,058000142
A30763727,9,058000142
A30763727,8,058000142
A30763727,7,058000142
A30763727,6,058000142
A30763727,15,058000142
A30763728,5,071813214
A30763728,9,071813214
A30763728,8,071813214
A30763728,7,071813214
A30763728,6,071813214
A30763728,15,071813214
A30763729,5,071816678
A30763729,9,071816678
A30763729,8,071816678
A30763729,7,071816678
A30763729,6,071816678
A30763729,15,071816678
A30766105,9,067684090
A30766105,9,058556181
A30766105,15,067684090
A30766105,15,055473974
A30766105,15,058556181
A30766105,9,055473974
A30756017,8,064431947
A30756017,15,064431947
A30756017,8,065905946
A30756017,15,065905946
A30756017,5,065905946
A30756017,6,064431947
A30756017,7,064431947
A30756017,7,065905946
A30756017,9,065905946
A30756017,9,064431947
A30756017,5,064431947
A30756017,6,065905946
A30763765,15,058876936
A30763765,9,058876936
A30763766,15,058877031
A30763766,9,058877031
R30784926,12,050334577
R30784926,13,050334577
A30770005,15,064918931
A30770005,9,064918931
A30770006,15,064919020
A30770006,9,064919020
A30770007,15,071630574
A30770007,9,071630574
A30770008,15,064918729
A30770008,9,064918729
R30771115,12,055239204
R30771115,13,055239204
A30783647,8,059547455
A30783647,7,059547455
A30783647,6,059547455
A30783647,5,059547455
A30745265,15,071291594
A30745265,8,071291594
A30745266,15,073490943
A30745266,8,073490943
A30764845,15,067962135
A30764845,9,067962135
A30764846,15,067962158
A30764846,9,067962158
A30764847,15,067962170
A30764847,9,067962170
A30764848,9,067962193
A30764848,15,067962193
A30764849,9,074276021
A30764849,15,074276021
A30764850,9,074289294
A30764850,15,074289294
A30745045,7,071291594
A30745045,9,071291594
A30745045,6,071291594
A30745045,5,071291594
A30745046,7,073490943
A30745046,6,073490943
A30745046,5,073490943
A30745046,9,073490943
A30830325,9,070179511
A30830325,5,070179511
A30830325,6,070179511
A30830325,7,070179511
A30747905,15,063741207
A30747905,9,063741207
A30747906,15,063741265
A30747906,9,063741265
A30747907,15,065511039
A30747907,9,065511039
A30747908,15,065511051
A30747908,9,065511051
A30747909,15,070969227
A30747909,9,070969227
A30746908,9,057480933-001
A30746908,9,057480910-001
A30746908,15,057480910
A30746908,15,057480933-002
A30746908,9,057480933
A30746908,15,057480933-001
A30746908,15,057480910-002
A30746908,15,057480933
A30746908,15,057480910-001
A30746908,9,057480910-002
A30746908,9,057480933-002
A30746908,9,057480910
A30763126,9,064443484
A30763126,15,064443484
A30763127,9,064443490
A30763127,15,064443490
A30763128,9,064443501
A30763128,15,064443501
A30763129,15,064443518
A30763129,9,064443518
A30763130,15,064443524
A30763130,9,064443524
A30763131,15,066706862
A30763131,9,066706862
A30763132,15,071026265
A30763132,9,071026265
A30793810,6,064729285
A30793810,6,058663917
A30793810,7,050759881
A30793810,6,070988757
A30793810,7,050334681
A30793810,9,071274270
A30793810,5,050334681
A30793810,7,070988757
A30793810,9,050759881
A30793810,7,066148813
A30793810,5,070989036
A30793810,6,059295280
A30793810,6,050759881
A30793810,5,071274270
A30793810,9,070989036
A30793810,6,050334681
A30793810,7,071274270
A30793810,5,066148813
A30793810,6,070989036
A30793810,5,058663917
A30793810,6,071274270
A30793810,9,066148813
A30793810,7,058663917
A30793810,5,059295280
A30793810,7,070989036
A30793810,5,050759881
A30793810,7,059295280
A30793810,5,064729285
A30793810,9,070988757
A30793810,9,064729285
A30793810,5,070988757
A30793810,9,050334681
A30793810,7,064729285
A30793810,9,059295280
A30793810,6,066148813
A30793810,9,058663917
A30793818,6,060336940
A30793818,6,067990245
A30793818,5,060336940
A30793818,6,067990166
A30793818,9,060336940
A30793818,7,060336940
A30793818,9,067990166
A30793818,7,067990245
A30793818,5,067990245
A30793818,9,067990245
A30793818,5,067990166
A30793818,7,067990166
A30799127,5,056176368
A30799127,7,056176368
A30799127,6,056176368
A30799127,9,056176368
A30799128,8,056390275
A30799128,15,056390275
A30799128,7,056390275
A30799128,6,056390275
A30799128,5,056390275
A30799128,9,056390275
A30803746,8,054313377
A30803747,8,071056384
A30803748,8,053043876
A30803749,8,058405239
A30803750,8,074153011
A30803751,8,050253534
A30803751,15,050253534
A30803752,8,070930273
A30803752,15,070930273
A30803753,8,059321083
A30803754,8,065991218
A30803755,8,066555930
A30803755,15,066555930
A30803756,8,066557421
A30803757,8,071355566
A30803757,15,071355566
A30803758,8,059321054
A30803759,8,070930209
A30803759,15,070930209
A30803760,8,074153339
A30803760,15,074153339
A30803761,8,066570560
A30803761,15,066570560
A30803762,8,061238611
A30803762,15,061238611
A30803763,8,065991345
A30803763,15,065991345
A30803764,8,071355641
A30803764,15,071355641
A30803765,8,062399206
A30803765,15,062399206
A30803766,8,054930308
A30803766,15,054930308
A30803767,8,061272293
A30803767,15,061272293
A30804349,6,074707745
A30804349,5,074707745
A30804349,5,074707578
A30804349,7,074707238
A30804349,6,074707238
A30804349,6,074707578
A30804349,9,074707578
A30804349,7,074707578
A30804349,9,074707745
A30804349,7,074707745
A30804349,5,074707238
A30804349,9,074707238
R30796245,13,074098963
R30796245,12,074098963
A30858185,9,064734192
A30858185,5,064734192
A30858185,7,064734192
A30858185,6,064734192
A30858205,5,070524875
A30858205,9,070524875
A30858205,7,070524875
A30858205,6,070524875
A30859073,6,062313411
A30859073,5,062313411
A30859073,7,062313411
A30859073,9,062313411
A30859074,5,062315946
A30859074,7,062315946
A30859074,6,062315946
A30859074,9,062315946
A30859075,8,062462280
A30859075,15,062462280
A30859075,5,062462280
A30859075,7,062462280
A30859075,6,062462280
A30859075,9,062462280
A30859076,5,062462533
A30859076,7,062462533
A30859076,6,062462533
A30859076,9,062462533
A30859077,7,067421298
A30859077,6,067421298
A30859077,9,067421298
A30859077,5,067421298
A30859078,5,072233294
A30859078,7,072233294
A30859078,6,072233294
A30859078,9,072233294
A30859079,5,071065742
A30859079,7,071065742
A30859079,6,071065742
A30859079,9,071065742
A30859085,5,057751636
A30859085,6,057751636
A30859085,7,057751636
A30859085,9,057751636-001
A30859085,7,057751636-001
A30859085,6,057751636-001
A30859085,5,057751636-001
A30859085,9,057751636
A30859086,5,052574871
A30859086,6,052574871
A30859086,7,052574871
A30859086,9,052574871-001
A30859086,7,052574871-001
A30859086,6,052574871-001
A30859086,5,052574871-001
A30859086,9,052574871
A30859087,5,056086630
A30859087,6,056086630
A30859087,9,056086630
A30859087,7,056086630
A30859088,5,064108450
A30859088,6,064108450
A30859088,9,064108450
A30859088,7,064108450
A30859089,9,064108542
A30859089,7,064108542
A30859089,5,064108542
A30859089,6,064108542
A30859090,5,071142000
A30859090,6,071142000
A30859090,9,071142000
A30859090,7,071142000
A30805927,5,070527457
A30805927,7,070527457
A30805927,9,070527457
A30805927,6,070527457
A30777465,5,071816563
A30777465,6,071816563
A30777465,9,071816563
A30777465,7,071816563
A30799133,6,067698534
A30799133,5,067698534
A30799133,9,067698534
A30799133,7,067698534
A30799129,8,056176437
A30799129,15,056176437
A30799129,6,056176437
A30799129,5,056176437
A30799129,9,056176437
A30799129,7,056176437
A30799130,6,071889591
A30799130,5,071889591
A30799130,9,071889591
A30799130,7,071889591
A30799131,6,071889734
A30799131,5,071889734
A30799131,9,071889734
A30799131,7,071889734
A30799132,6,050601993
A30799132,5,050601993
A30799132,6,050601993-003
A30799132,6,050601993-002
A30799132,6,050601993-001
A30799132,5,050601993-003
A30799132,5,050601993-002
A30799132,5,050601993-001
A30799132,9,050601993-003
A30799132,9,050601993-002
A30799132,9,050601993-001
A30799132,7,050601993-003
A30799132,7,050601993-002
A30799132,7,050601993-001
A30799132,9,050601993
A30799132,7,050601993
A30799134,6,067698684
A30799134,5,067698684
A30799134,9,067698684
A30799134,7,067698684
A30799135,6,072293556
A30799135,5,072293556
A30799135,9,072293556
A30799135,7,072293556
A30799136,6,074199671
A30799136,5,074199671
A30799136,7,074199671
A30799136,9,074199671
A30811985,9,050848009
A30812005,9,073758478
A30859091,5,062709139
A30859091,6,062709139
A30859091,9,062709139
A30859091,7,062709139
A30859092,5,054865489
A30859092,6,054865489
A30859092,9,054865489
A30859092,7,054865489
A30859093,5,073314969
A30859093,6,073314969
A30859093,9,073314969
A30859093,7,073314969
A30859095,5,054280570
A30859095,6,054280570
A30859095,9,054280570
A30859095,7,054280570
A30859095,7,054280570-001
A30859095,9,054280570-001
A30859095,6,054280570-001
A30859095,5,054280570-001
A30859096,5,071150629
A30859096,6,071150629
A30859096,9,071150629
A30859096,7,071150629
A30859100,5,073325046
A30859100,6,073325046
A30859100,9,073325046
A30859100,7,073325046
A30859101,6,073325023
A30859101,9,073325023
A30859101,7,073325023
A30859101,5,073325023
A30859102,6,071207149
A30859102,9,071207149
A30859102,7,071207149
A30859102,5,071207149
A30859103,5,071204475
A30859103,9,071204475
A30859103,6,071204475
A30859103,7,071204475
A30859104,5,071207178
A30859104,9,071207178
A30859104,7,071207178
A30859104,6,071207178
A30859097,5,050054476
A30859097,6,050054476
A30859097,9,050054476
A30859097,7,050054476
A30859098,5,071736484
A30859098,6,071736484
A30859098,9,071736484
A30859098,7,071736484
A30859099,5,073324986
A30859099,6,073324986
A30859099,9,073324986
A30859099,7,073324986
A30803286,15,050339923
A30803286,8,050339923
A30803287,15,051349368
A30803287,8,051349368
A30803288,15,057392283
A30803288,8,057392283
A30803289,15,051926048
A30803289,8,051926048
A30803290,8,051926336
A30803290,15,051926336
A30803291,8,071903258
A30803292,8,059736646
A30803292,15,059736646
A30803293,8,067481525
A30803293,15,067481525
A30803294,8,050233725
A30803294,15,050233725
A30803295,8,067481456
A30803295,15,067481456
A30803296,8,071355612
A30803296,15,071355612
A30803297,8,070930152
A30803297,15,070930152
A30803298,8,060792554
A30803298,15,060792554
A30900765,6,074067804
A30900765,5,074067804
A30900765,7,074067804
A30900765,9,074067804
A30806533,6,065471402
A30806533,8,065471402
A30806533,9,065471402
A30806533,5,065471402
A30806533,7,065471402
A30806533,15,065471402
A30806534,5,065471391
A30806534,7,065471391
A30806534,6,065471391
A30806534,8,065471391
A30806534,9,065471391
A30806534,15,065471391
A30794625,6,066605912
A30794625,5,066605912
A30794625,7,066605912
A30794625,9,066605912
A30794626,6,066794393
A30794626,7,066794393
A30794626,5,066794393
A30794626,9,066794393
A30794627,6,066835426
A30794627,7,066835426
A30794627,5,066835426
A30794627,9,066835426
A30794628,6,066845040
A30794628,7,066845040
A30794628,5,066845040
A30794628,9,066845040
A30794629,6,066845132
A30794629,7,066845132
A30794629,5,066845132
A30794629,9,066845132
A30794630,7,070662722
A30794630,6,070662722
A30794630,5,070662722
A30794630,9,070662722
A30794631,6,073314088
A30794631,5,073314088
A30794631,9,073314088
A30794631,7,073314088
A30794632,6,073314330
A30794632,5,073314330
A30794632,9,073314330
A30794632,7,073314330
A30794633,6,073314347
A30794633,5,073314347
A30794633,9,073314347
A30794633,7,073314347
A30794634,5,073341014
A30794634,6,073341014
A30794634,9,073341014
A30794634,7,073341014
A30806535,15,065471287
A30806535,9,065471287
A30806535,5,065471287
A30806535,7,065471287
A30806535,6,065471287
A30806535,8,065471287
A30806540,5,071227764
A30806540,6,071227764
A30806540,8,071227764
A30806540,7,071227764
A30806540,9,071227764
A30806540,15,071227764
A30807089,5,052160404
A30807089,6,052160404
A30807089,7,052160404
R30817985,12,055253503
R30817985,13,055253503
A30791527,9,073758207
A30791527,7,073758207
A30791527,6,073758207
A30791527,5,073758207
R30796226,13,074077533
R30796226,12,074077533
A30806714,9,071355318
A30806715,9,074023494
A30806716,9,074023119
A30806717,9,074022881
A30806718,9,060507744
A30806719,9,052955772
A30806720,9,074202173
A30806721,9,063924245
A30806722,9,071941344
A30806723,9,073458194
A30898745,9,051409494
A30898745,7,051409494
A30898745,6,051409494
A30898745,5,051409494
A30898746,9,052396252
A30898746,7,052396252
A30898746,6,052396252
A30898746,5,052396252
A30898747,9,057771408
A30898747,7,057771408
A30898747,6,057771408
A30898747,5,057771408
A30898748,9,059803291
A30898748,7,059803291
A30898748,6,059803291
A30898748,5,059803291
A30807114,7,066117827
A30807114,5,066117827
A30807114,6,066117827
A30898749,7,065949345
A30898749,6,065949345
A30898749,5,065949345
A30898749,9,065949345
A30898750,7,065949777
A30898750,6,065949777
A30898750,5,065949777
A30898750,9,065949777
A30898751,7,065950377
A30898751,6,065950377
A30898751,5,065950377
A30898751,9,065950377
A30806713,9,071355364
A30900147,6,050683514-001
A30900147,5,050683514
A30900147,6,050683514
A30900147,5,050683514-001
A30900147,7,050683514
A30900147,7,050683514-001
A30900148,7,058191755-001
A30900148,7,058191755-002
A30900148,6,058191755
A30900148,5,058191755
A30900148,5,058191755-002
A30900148,5,058191755-001
A30900148,6,058191755-001
A30900148,7,058191755
A30900148,6,058191755-002
A30900248,15,054213680
A30900248,8,054213680
A30900249,15,050237871
A30900249,8,050237871
A30900250,15,050869065
A30900250,8,050869065
A30900409,15,053127340
A30900409,9,053127340
A30900409,8,053127340
A30900409,7,053127340
A30900409,6,053127340
A30900409,5,053127340
A30900409,15,053127340-001
A30900409,9,053127340-001
A30900409,8,053127340-001
A30900409,7,053127340-001
A30900409,6,053127340-001
A30900409,5,053127340-001
A30807135,7,051191150
A30807135,5,051191150
A30807135,6,051191150
A30807137,5,051172242
A30807137,7,051172242
A30807137,5,051172242-001
A30807137,6,051172242-001
A30807137,7,051172242-001
A30807137,6,051172242
A30807138,7,074188908
A30807138,5,074188908
A30807138,6,074188908
A30807140,7,052961672
A30807140,5,052961672
A30807140,6,052961672
A30807141,7,050671494
A30807141,5,050671494
A30807141,6,050671494
A30807142,7,072680426
A30807142,5,072680426
A30807142,6,072680426
A30807143,7,053052243
A30807143,5,053052243
A30807143,6,053052243
A30807146,7,061125946
A30807146,5,061125946
A30807146,6,061125946
A30807147,7,061125952
A30807147,5,061125952
A30807147,6,061125952
A30776905,7,072318961
A30776905,6,072318961
A30776905,5,072318961
A30776906,7,072319142
A30776906,6,072319142
A30776906,5,072319142
A30796247,15,072080946
A30796247,9,072080946
A30796247,6,072080946
A30796247,5,072080946
A30796247,8,072080946
A30796247,7,072080946
A30796248,15,072080981
A30796248,9,072080981
A30796248,6,072080981
A30796248,5,072080981
A30796248,8,072080981
A30796248,7,072080981
A30796249,15,072081087
A30796249,9,072081087
A30796249,6,072081087
A30796249,5,072081087
A30796249,8,072081087
A30796249,7,072081087
A30796250,15,072081162
A30796250,9,072081162
A30796250,6,072081162
A30796250,5,072081162
A30796250,8,072081162
A30796250,7,072081162
A30796251,15,072080894
A30796251,9,072080894
A30796251,8,072080894
A30796251,5,072080894
A30796251,7,072080894
A30796251,6,072080894
A30796252,15,072081127
A30796252,9,072081127
A30796252,8,072081127
A30796252,5,072081127
A30796252,7,072081127
A30796252,6,072081127
A30807872,15,073386595
A30807872,8,073386595
A30858267,9,070524881
A30858267,7,070524881
A30858267,5,070524881
A30858267,6,070524881
A30858125,7,071695128
A30858125,6,071695128
A30858125,5,071695128
A30858125,9,071695128
A30859065,6,070662273
A30859065,5,070662273
A30859065,9,070662273
A30859065,7,070662273
A30859066,6,061278471
A30859066,5,061278471
A30859066,9,061278471
A30859066,7,061278471
A30859067,6,062463814
A30859067,5,062463814
A30859067,9,062463814
A30859067,7,062463814
A30859068,6,062331222
A30859068,5,062331222
A30859068,7,062331222
A30859068,9,062331222
A30859069,6,062332359
A30859069,5,062332359
A30859069,7,062332359
A30859069,9,062332359
A30859070,6,067420950
A30859070,5,067420950
A30859070,7,067420950
A30859070,9,067420950
A30859071,6,072233317
A30859071,5,072233317
A30859071,7,072233317
A30859071,9,072233317
A30859072,6,070662296
A30859072,5,070662296
A30859072,7,070662296
A30859072,9,070662296
R30877285,12,059432268
R30877285,13,059432268
A30808110,9,050238991
A30808110,9,050238991-004
A30808110,9,050238991-003
A30808110,9,050238991-002
A30808110,9,050238991-001
A30808111,9,050239120
A30808111,9,050239120-003
A30808111,9,050239120-002
A30808111,9,050239120-001
A30808112,9,051172150
A30808109,9,050236912
A30894366,7,071249957
A30894366,8,071249957
A30894366,5,071249957
A30894366,6,071249957
A30894366,9,071249957
R30894425,13,071434127
R30894425,13,071452981
R30894425,12,071829300
R30894425,13,073372790
R30894425,12,073372790
R30894425,12,071452981
R30894425,13,071829300
R30894425,12,073372778
R30894425,13,073372749
R30894425,12,071434127
R30894425,13,071452952
R30894425,12,073372749
R30894425,13,073372778
R30894425,12,071452952
A30807886,8,057668770
A30807886,8,057668770-001
A30807886,15,057668770-001
A30807886,15,057668770
A30807887,8,051732588
A30807887,15,051732588
A30894667,6,072316842
A30894667,5,072316842
A30894667,9,072316842
A30894667,7,072316842
A30894668,6,072316865
A30894668,5,072316865
A30894668,9,072316865
A30894668,7,072316865
A30807890,8,070630363
A30807890,15,070630363
A30894670,6,072316911
A30894670,5,072316911
A30894670,9,072316911
A30894670,7,072316911
A30894672,5,067870140
A30894672,6,067870140
A30894672,9,067870140
A30894672,7,067870140
A30859117,5,058348448
A30859117,9,058348448
A30859117,6,058348448
A30859117,7,058348448
A30859118,5,071763676
A30859118,9,071763676
A30859118,6,071763676
A30859118,7,071763676
A30808113,9,071179515
A30808154,9,051935890
A30808155,9,050237721
A30808156,9,050237986
A30808156,9,050237986-002
A30808156,9,050237986-001
A30808157,9,050685230
A30808158,9,051406762
A30808159,9,061327241
A30808160,9,064926086
A30808161,9,064929797
A30808162,9,070595144
A30808163,9,071206248
A30808164,9,073805734
A30808165,9,073805849
A30808166,9,050238173
A30808166,9,050238173-001
A30808167,9,065092418
A30808168,9,070627696
A30859105,5,071200525
A30859105,6,071200525
A30859105,7,071200525
A30859105,9,071200525
A30859106,5,053693463
A30859106,9,053693463
A30859106,6,053693463
A30859106,7,053693463
A30859108,5,050203796
A30859108,15,050203796-001
A30859108,8,050203796-002
A30859108,15,050203796-003
A30859108,8,050203796-005
A30859108,15,050203796-005
A30859108,8,050203796-003
A30859108,8,050203796
A30859108,15,050203796-002
A30859108,15,050203796-006
A30859108,9,050203796
A30859108,6,050203796
A30859108,7,050203796
A30859108,7,050203796-005
A30859108,7,050203796-004
A30859108,7,050203796-003
A30859108,7,050203796-002
A30859108,7,050203796-001
A30859108,7,050203796-006
A30859108,6,050203796-006
A30859108,6,050203796-005
A30859108,6,050203796-004
A30859108,6,050203796-003
A30859108,6,050203796-002
A30859108,6,050203796-001
A30859108,9,050203796-001
A30859108,9,050203796-006
A30859108,9,050203796-005
A30859108,9,050203796-004
A30859108,9,050203796-003
A30859108,9,050203796-002
A30859108,5,050203796-006
A30859108,5,050203796-005
A30859108,5,050203796-004
A30859108,5,050203796-003
A30859108,5,050203796-002
A30859108,5,050203796-001
A30859108,15,050203796
A30859108,8,050203796-001
A30859108,8,050203796-004
A30859108,15,050203796-004
A30859108,8,050203796-006
A30859109,8,072216091
A30859109,15,072216091
A30859109,5,072216091
A30859109,9,072216091
A30859109,6,072216091
A30859109,7,072216091
A30859110,5,054159352
A30859110,9,054159352
A30859110,6,054159352
A30859110,7,054159352
A30859110,7,054159352-001
A30859110,6,054159352-001
A30859110,5,054159352-001
A30859110,9,054159352-001
A30859111,5,050684369
A30859111,9,050684369
A30859111,6,050684369
A30859111,7,050684369-001
A30859111,6,050684369-001
A30859111,5,050684369-001
A30859111,9,050684369-001
A30859111,7,050684369
A30859112,5,050054165
A30859112,6,050054165
A30859112,7,050054165
A30859112,7,050054165-003
A30859112,7,050054165-001
A30859112,6,050054165-003
A30859112,6,050054165-002
A30859112,9,050054165-003
A30859112,9,050054165-002
A30859112,9,050054165-001
A30859112,5,050054165-003
A30859112,5,050054165-002
A30859112,9,050054165
A30859112,7,050054165-002
A30859112,6,050054165-001
A30859112,5,050054165-001
A30859113,5,066587984-001
A30859113,15,066587984-001
A30859113,8,066587984-001
A30859113,5,066587984
A30859113,9,066587984
A30859113,6,066587984
A30859113,7,066587984
A30859113,7,066587984-001
A30859113,6,066587984-001
A30859113,9,066587984-001
A30859113,8,066587984
A30859113,15,066587984
A30859114,8,071763624
A30859114,15,071763624
A30859114,5,071763624
A30859114,9,071763624
A30859114,6,071763624
A30859114,7,071763624
A30859115,5,073325207
A30859115,9,073325207
A30859115,6,073325207
A30859115,7,073325207
A30859116,5,073325213
A30859116,9,073325213
A30859116,6,073325213
A30859116,7,073325213
A30808050,9,073386595
A30808051,9,050237502
A30808051,9,050237502-003
A30808051,9,050237502-002
A30808051,9,050237502-001
A30808052,9,074102049
A30808053,9,064554560
A30808054,9,050237531
A30808055,9,054213680
A30808056,9,050237871
A30808057,9,050869065
A30808058,9,051285667
A30808059,9,074188920
A30808062,9,051172213
A30808064,9,057668770-001
A30808064,9,057668770
A30808065,9,051732588
A30808067,9,050723445
A30808068,9,070630363
A30813267,9,071330296
A30789866,6,070510424
A30789866,9,070510396
A30789866,7,070510396
A30789866,6,070510413
A30789866,5,070510424
A30789866,9,070510424
A30789866,7,070510424
A30789866,5,070510396
A30789866,7,070510413
A30789866,5,070510413
A30789866,9,070510413
A30789866,6,070510396
R30791389,12,050484456-002
R30791389,12,050484456-001
R30791389,12,050484456
R30791389,13,050484456
R30791389,13,050484456-002
R30791389,13,050484456-001
A30810425,9,056058946-001
A30810425,7,056058946-001
A30810425,6,056058946-001
A30810425,9,056058946
A30810425,7,056058946
A30810425,6,056058946
A30810425,5,056058946
A30810425,5,056058946-001
A30810426,9,058005367-001
A30810426,7,058005367-001
A30810426,6,058005367-001
A30810426,9,058005367
A30810426,7,058005367
A30810426,6,058005367
A30810426,5,058005367
A30810426,5,058005367-001
A30810885,7,050758628-005
A30810885,7,050758628-004
A30810885,7,050758628-003
A30810885,7,050758628-002
A30810885,7,050758628-001
A30810885,6,050758628-005
A30810885,6,050758628-004
A30810885,6,050758628-003
A30810885,6,050758628-002
A30810885,6,050758628-001
A30810885,5,050758628-005
A30810885,5,050758628-004
A30810885,5,050758628-003
A30810885,5,050758628-002
A30810885,5,050758628-001
A30810885,7,050758628
A30810885,6,050758628
A30810885,5,050758628
A30810886,7,072255337
A30810886,6,072255337
A30810886,5,072255337
A30795213,5,058685966
A30795213,6,058685966
A30795213,7,058685966
A30795213,9,058685966
A30795186,6,054313377
A30795186,7,054313377
A30795186,5,054313377
A30795187,6,071056384
A30795187,7,071056384
A30795187,5,071056384
A30795188,6,053043876
A30795188,7,053043876
A30795188,5,053043876
A30795189,6,058405239
A30795189,7,058405239
A30795189,5,058405239
A30795190,6,074153011
A30795190,7,074153011
A30795190,5,074153011
A30908465,5,067636846
A30908465,5,067641711
A30908465,6,067641711
A30908465,7,067636846
A30908465,6,067636846
A30908465,9,067641711
A30908465,7,067636506
A30908465,9,067636506
A30908465,7,067641711
A30908465,9,067636846
A30908465,5,067636506
A30908465,6,067636506
A30795192,6,072388064
A30795192,7,072388064
A30795192,9,072388064
A30795192,5,072388064
A30795194,6,070930273
A30795194,7,070930273
A30795194,9,070930273
A30795194,5,070930273
A30795195,6,059321083
A30795195,7,059321083
A30795195,5,059321083
A30795196,6,065991218
A30795196,7,065991218
A30795196,5,065991218
A30908585,8,064196608-001
A30908585,15,064196608-001
A30908585,8,064196608
A30908585,15,064196608
A30795198,6,072525030
A30795198,7,072525030
A30795198,9,072525030
A30795198,5,072525030
A30795199,6,067153730
A30795199,7,067153730
A30795199,9,067153730
A30795199,5,067153730
A30795200,6,066555930
A30795200,7,066555930
A30795200,9,066555930
A30795200,5,066555930
A30795201,6,072525104
A30795201,7,072525104
A30795201,9,072525104
A30795201,5,072525104
A30795202,6,066557421
A30795202,7,066557421
A30795202,5,066557421
A30795203,6,071355566
A30795203,7,071355566
A30795203,9,071355566
A30795203,5,071355566
A30795204,6,059321054
A30795204,7,059321054
A30795204,5,059321054
A30795205,5,070930209
A30795205,6,070930209
A30795205,7,070930209
A30795205,9,070930209
A30795206,5,074153339
A30795206,6,074153339
A30795206,7,074153339
A30795206,9,074153339
A30795207,5,066570560
A30795207,6,066570560
A30795207,7,066570560
A30795207,9,066570560
A30795208,5,061238611
A30795208,6,061238611
A30795208,7,061238611
A30795208,9,061238611
A30795209,5,074187944
A30795209,6,074187944
A30795209,7,074187944
A30795209,9,074187944
A30795210,5,065991345
A30795210,6,065991345
A30795210,7,065991345
A30795210,9,065991345
A30795211,5,057022503
A30795211,6,057022503
A30795211,7,057022503
A30795211,9,057022503
A30795212,5,071355641
A30795212,6,071355641
A30795212,7,071355641
A30795212,9,071355641
A30812083,9,071114282
A30812084,9,074412863
A30812085,9,065602410
A30812086,9,073431369
A30791744,9,059804923
A30791744,15,059804923
A30811586,9,050758628
A30811586,9,050758628-005
A30811586,9,050758628-004
A30811586,9,050758628-003
A30811586,9,050758628-002
A30811586,9,050758628-001
A30811587,9,072255337
A30892873,6,056998378
A30892873,5,056998378
A30892873,9,056998378
A30892873,7,056998378
A30892874,5,071160646
A30892874,9,071160646
A30892874,7,071160646
A30892874,6,071160646
A30892870,6,065739398
A30892870,5,065739398
A30892870,9,065739398
A30892870,7,065739398
A30892871,6,056233036
A30892871,5,056233036
A30892871,9,056233036
A30892871,7,056233036
A30892872,6,050950734
A30892872,5,050950734
A30892872,9,050950734
A30892872,7,050950734
A30795214,5,062399206
A30795214,6,062399206
A30795214,7,062399206
A30795214,9,062399206
A30795215,5,071903229
A30795215,6,071903229
A30795215,7,071903229
A30795215,9,071903229
A30795216,5,061303880
A30795216,6,061303880
A30795216,7,061303880
A30795216,9,061303880
A30795217,5,067041616
A30795217,6,067041616
A30795217,7,067041616
A30795217,9,067041616
A30795218,5,051892568
A30795218,6,051892568
A30795218,7,051892568
A30795218,9,051892568
A30795219,5,057479089
A30795219,6,057479089
A30795219,7,057479089
A30795219,9,057479089
A30795220,5,052182793
A30795220,6,052182793
A30795220,7,052182793
A30795220,9,052182793
A30795221,5,064873798
A30795221,6,064873798
A30795221,7,064873798
A30795221,9,064873798
A30799787,6,072538809
A30799787,5,072538809
A30799787,9,072538809
A30799787,7,072538809
A30799788,6,074152686
A30799788,5,074152686
A30799788,9,074152686
A30799788,7,074152686
A30799789,6,074131878
A30799789,5,074131878
A30799789,9,074131878
A30799789,7,074131878
A30799790,6,067709496
A30799790,5,067709496
A30799790,9,067709496
A30799790,7,067709496
A30812126,9,050450773
R30796220,12,073273740
R30796220,13,073273740
A30849716,5,070262458
A30849716,7,070262458
A30849716,9,070262458
A30849716,6,070262458
A30849700,7,071979484
A30849700,9,071979484
A30849700,6,071979484
A30849700,5,071979484
A30849713,7,070262510
A30849713,9,070262510
A30849713,5,070262510
A30849713,6,070262510
A30840877,5,065034713
A30840877,6,065034713
A30840877,7,065034713
A30840877,9,065034713
A30840877,9,065034713-001
A30840877,7,065034713-001
A30840877,5,065034713-001
A30840877,6,065034713-001
A30840878,5,062447759
A30840878,6,062447759
A30840878,7,062447759
A30840878,9,062447759
A30840878,9,062447759-001
A30840878,7,062447759-001
A30840878,6,062447759-001
A30840878,5,062447759-001
A30840879,5,057514019
A30840879,6,057514019
A30840879,7,057514019
A30840879,9,057514019
A30840879,9,057514019-001
A30840879,7,057514019-001
A30840879,5,057514019-001
A30840879,6,057514019-001
A30840880,5,071104455
A30840880,6,071104455
A30840880,7,071104455
A30840880,9,071104455
A30840881,9,050114671-001
A30840881,5,050114671
A30840881,6,050114671
A30840881,7,050114671
A30840881,9,050114671
A30840881,7,050114671-001
A30840881,5,050114671-001
A30840881,6,050114671-001
A30840882,7,073291689
A30840882,5,073291689
A30840882,6,073291689
A30840882,9,073291689
A30840886,6,053634033
A30840886,9,053634033
A30840886,5,053634033
A30840886,7,053634033
A30840886,7,053634033-001
A30840886,9,053634033-001
A30840886,5,053634033-001
A30840886,6,053634033-001
A30840887,9,051613764-001
A30840887,5,051613764
A30840887,6,051613764
A30840887,7,051613764
A30840887,7,051613764-001
A30840887,9,051613764
A30840887,6,051613764-001
A30840887,5,051613764-001
A30840889,8,051613729
A30840889,15,051613729
A30840889,15,051613729-002
A30840889,15,051613729-001
A30840889,8,051613729-002
A30840889,8,051613729-001
A30840891,5,051279243
A30840891,6,051279243
A30840891,7,051279243
A30840891,7,051279243-001
A30840891,9,051279243-001
A30840891,9,051279243
A30840891,6,051279243-001
A30840891,5,051279243-001
A30849576,5,053448173
A30849576,6,053448173
A30849576,9,053448173
A30849576,7,053448173
A30849593,8,056524700
A30849593,15,056524700
A30849593,7,056524700
A30849593,9,056524700
A30849593,5,056524700
A30849593,6,056524700
A30849554,5,072067560
A30849554,6,072067560
A30849554,7,072067560
A30849554,9,072067560
R30796187,13,073273763
R30796187,12,073273763
A30849565,5,073066248
A30849565,6,073066248
A30849565,9,073066248
A30849565,7,073066248
A30849600,15,064560834
A30849600,8,064560834-001
A30849600,8,064560834
A30849600,15,064560834-001
A30849600,5,064560834-001
A30849600,6,064560834-001
A30849600,9,064560834-001
A30849600,7,064560834
A30849600,9,064560834
A30849600,7,064560834-001
A30849600,6,064560834
A30849600,5,064560834
A30849594,7,072183364
A30849594,9,072183364
A30849594,5,072183364
A30849594,6,072183364
A30813706,7,074179113
A30813706,6,074179113
A30813706,5,074179113
A30813706,9,074179113
A30813707,6,074153472
A30813707,9,074153472
A30813707,7,074153472
A30813707,5,074153472
A30813708,9,073532365
A30813708,6,073532365
A30813708,7,073532365
A30813708,5,073532365
A30813709,6,071332023
A30813709,7,071332023
A30813709,5,071332023
A30813709,9,071332023
A30813710,7,067202857
A30813710,6,067202857
A30813710,5,067202857
A30813710,9,067202857
A30813711,7,058927203
A30813711,6,058927203
A30813711,5,058927203
A30813711,9,058927203
A30813712,7,067996849
A30813712,6,067996849
A30813712,5,067996849
A30813712,9,067996849
A30847349,5,064878009
A30847349,6,064878009
A30847349,9,064878009
A30847349,8,064878009
A30847349,7,064878009
A30847349,15,064878009
A30810325,9,051349368
A30810325,7,051349368
A30810325,6,051349368
A30810325,5,051349368
A30810326,9,054175447
A30810326,7,054175447
A30810326,6,054175447
A30810326,5,054175447
A30810327,9,050896464
A30810327,7,050896464
A30810327,6,050896464
A30810327,5,050896464
A30810328,9,057392283
A30810328,7,057392283
A30810328,6,057392283
A30810328,5,057392283
A30810329,9,050975457
A30810329,7,050975457
A30810329,6,050975457
A30810329,5,050975457
A30812906,9,053626072
A30812908,9,071312485
A30812909,9,071312082
A30812910,9,073431398
A30812911,9,071375409
A30812912,9,071375657
R30791285,13,071250684
R30791285,13,054400412-007
R30791285,13,054400412
R30791285,12,071250684
R30791285,13,054400412-002
R30791285,12,054400412-002
R30791285,13,054400412-005
R30791285,12,054400412-003
R30791285,12,054400412-007
R30791285,13,054400412-003
R30791285,12,054400412-005
R30791285,12,054400412
A30793945,5,050264066
A30793945,5,057013422
A30793945,6,055928005
A30793945,6,071914798
A30793945,5,056401517
A30793945,7,071914844
A30793945,6,050277137
A30793945,7,056401517
A30793945,9,071914798
A30793945,7,055928005
A30793945,6,050395728
A30793945,6,057012498
A30793945,9,056401517
A30793945,5,057448783
A30793945,7,057012498
A30793945,5,071914798
A30793945,5,060500953
A30793945,9,057013422
A30793945,9,056401402
A30793945,5,071846331
A30793945,5,057012498
A30793945,9,052056776
A30793945,7,050277074
A30793945,7,057013422
A30793945,6,068020166
A30793945,7,068020166
A30793945,6,056401402
A30793945,7,057013606
A30793945,6,056401517
A30793945,6,071846331
A30793945,7,057448783
A30793945,6,050264066
A30793945,5,057013606
A30793945,7,050264066
A30793945,5,052056776
A30793945,7,050229875
A30793945,9,071914844
A30793945,5,068020166
A30793945,7,050228916
A30793945,5,050277074
A30793945,5,050229875
A30793945,5,050395728
A30793945,9,057013606
A30793945,9,050277137
A30793945,7,060500953
A30793945,9,068020166
A30793945,6,060500953
A30793945,9,050264066
A30793945,6,057013422
A30793945,9,050229875
A30793945,6,050277074
A30793945,9,071846331
A30793945,7,050277137
A30793945,9,060500953
A30793945,7,071846331
A30793945,6,067985701
A30793945,7,071914798
A30793945,6,052056776
A30793945,9,050277074
A30793945,9,050395728
A30793945,5,055928005
A30793945,5,050228916
A30793945,5,056401402
A30793945,7,067985701
A30793945,6,057013606
A30793945,7,052056776
A30793945,6,057448783
A30793945,5,071914844
A30793945,7,056401402
A30793945,9,067985701
A30793945,9,055928005
A30793945,6,050228916
A30793945,6,071914844
A30793945,9,050228916
A30793945,9,057448783
A30793945,6,050229875
A30793945,5,067985701
A30793945,5,050277137
A30793945,9,057012498
A30793945,7,050395728
A30812039,15,050848009
A30812039,8,050848009
A30812040,15,073758478
A30812040,8,073758478
A30785285,9,073633107
A30785285,7,073633107
A30785285,6,073633107
A30785285,5,073633107
A30859120,5,073922704
A30859120,9,073922704
A30859120,6,073922704
A30859120,7,073922704
A30859121,5,073923041
A30859121,9,073923041
A30859121,6,073923041
A30859121,7,073923041
A30859122,5,073939489
A30859122,9,073939489
A30859122,6,073939489
A30859122,7,073939489
A30859124,5,074079767
A30859124,9,074079767
A30859124,6,074079767
A30859124,7,074079767
A30859125,5,071160456
A30859125,9,071160456
A30859125,6,071160456
A30859125,7,071160456
A30859126,5,071166542
A30859126,9,071166542
A30859126,6,071166542
A30859126,7,071166542
A30859127,5,053570729
A30859127,9,053570729
A30859127,6,053570729
A30859127,7,053570729
A30859128,5,053549186
A30859128,9,053549186
A30859128,6,053549186
A30859128,7,053549186
A30859129,5,050299382
A30859129,9,050299382
A30859129,6,050299382
A30859129,7,050299382
A30931705,5,053254753-002
A30931705,9,053254753-002
A30931705,5,053254753-003
A30931705,9,053254753
A30931705,9,053254753-003
A30931705,5,053254753
A30931705,7,053254753-003
A30931705,7,053254753-001
A30931705,6,053254753-002
A30931705,7,053254753
A30931705,6,053254753-003
A30931705,6,053254753-001
A30931705,5,053254753-001
A30931705,6,053254753
A30931705,7,053254753-002
A30931705,9,053254753-001
A30932026,5,070181104
A30932026,6,070181104
A30932026,7,070181104
A30932026,9,070181104
A30932090,5,073667551
A30932090,7,073667551
A30932090,6,073667551
A30932090,9,073667551
A30859130,8,073291303
A30859130,15,073291303
A30859130,9,073291303
A30859130,6,073291303
A30859130,7,073291303
A30859130,5,073291303
A30772805,9,074567783
A30772805,7,074567783
A30772805,6,074567783
A30772805,5,074567783
A30859131,8,063878777
A30859131,15,063878777-001
A30859131,8,063878777-001
A30859131,15,063878777
A30859131,5,063878777
A30859131,9,063878777
A30859131,6,063878777
A30859131,7,063878777-001
A30859131,6,063878777-001
A30859131,9,063878777-001
A30859131,5,063878777-001
A30859131,7,063878777
A30859132,5,063878783
A30859132,9,063878783
A30859132,6,063878783
A30859132,7,063878783-001
A30859132,6,063878783-001
A30859132,9,063878783-001
A30859132,5,063878783-001
A30859132,7,063878783
A30859133,15,063878796
A30859133,15,063878796-001
A30859133,8,063878796-001
A30859133,8,063878796
A30859133,5,063878796
A30859133,9,063878796
A30859133,6,063878796
A30859133,7,063878796-001
A30859133,6,063878796-001
A30859133,9,063878796-001
A30859133,5,063878796-001
A30859133,7,063878796
A30859134,5,063878800
A30859134,9,063878800
A30859134,6,063878800
A30859134,7,063878800-001
A30859134,6,063878800-001
A30859134,9,063878800-001
A30859134,5,063878800-001
A30859134,7,063878800
A30859135,5,063878817
A30859135,9,063878817
A30859135,6,063878817
A30859135,7,063878817-001
A30859135,6,063878817-001
A30859135,9,063878817-001
A30859135,5,063878817-001
A30859135,7,063878817
A30859136,5,073267189
A30859136,9,073267189
A30859136,6,073267189
A30859136,7,073267189
A30859137,5,073267051
A30859137,9,073267051
A30859137,6,073267051
A30859137,7,073267051
A30859138,5,073267097
A30859138,9,073267097
A30859138,6,073267097
A30859138,7,073267097
A30859139,5,073245025
A30859139,9,073245025
A30859139,6,073245025
A30859139,7,073245025
A30859140,5,073267137
A30859140,9,073267137
A30859140,6,073267137
A30859140,7,073267137
A30859141,5,074410456
A30859141,9,074410456
A30859141,6,074410456
A30859141,7,074410456
A30859142,5,074410491
A30859142,9,074410491
A30859142,6,074410491
A30859142,7,074410491
A30859143,5,074410525
A30859143,9,074410525
A30859143,6,074410525
A30859143,7,074410525
A30859144,8,072050504
A30859144,15,072050504
A30859144,5,072050504
A30859144,9,072050504
A30859144,6,072050504
A30859144,7,072050504
A30859145,5,072050602
A30859145,9,072050602
A30859145,6,072050602
A30859145,7,072050602
A30859146,8,074381984
A30859146,15,074381984
A30859146,5,074381984
A30859146,9,074381984
A30859146,6,074381984
A30859146,7,074381984
A30859147,5,074410053
A30859147,9,074410053
A30859147,6,074410053
A30859147,7,074410053
A30859148,5,074410145
A30859148,9,074410145
A30859148,6,074410145
A30859148,7,074410145
A30859149,5,071901243
A30859149,9,071901243
A30859149,6,071901243
A30859149,7,071901243
A30859566,15,072511668
A30859566,8,072511668
A30859566,7,072511668
A30859566,6,072511668
A30859566,5,072511668
A30859567,15,070577783
A30859567,8,070577783
A30859567,7,070577783
A30859567,6,070577783
A30859567,5,070577783
A30859568,8,072512258
A30859568,15,072512258
A30859568,7,072512258
A30859568,6,072512258
A30859568,5,072512258
A30859569,8,072512419
A30859569,7,072512419
A30859569,15,072512419
A30859569,6,072512419
A30859569,5,072512419
A30859150,15,057980065-004
A30859150,8,052477456-001
A30859150,15,052477456
A30859150,15,057980065-002
A30859150,8,052477456-003
A30859150,15,052477456-003
A30859150,8,057980065
A30859150,8,057980065-005
A30859150,15,052477456-001
A30859150,15,057980065-003
A30859150,8,052477456-002
A30859150,15,052477456-002
A30859150,8,057980065-001
A30859150,15,057980065-001
A30859150,8,057980065-003
A30859150,15,052477456-004
A30859150,8,057980065-004
A30859150,8,052477456-004
A30859150,8,052477456
A30859150,8,057980065-002
A30859150,15,057980065
A30859150,15,057980065-005
A30859150,5,057980065
A30859150,5,052477456
A30859150,9,057980065
A30859150,9,052477456
A30859150,6,057980065
A30859150,6,052477456
A30859150,7,057980065-005
A30859150,7,057980065-004
A30859150,7,057980065-003
A30859150,7,057980065-002
A30859150,7,057980065-001
A30859150,7,052477456-004
A30859150,7,052477456-003
A30859150,7,052477456-002
A30859150,7,052477456-001
A30859150,6,057980065-003
A30859150,6,057980065-002
A30859150,6,057980065-001
A30859150,6,052477456-004
A30859150,6,052477456-003
A30859150,6,052477456-002
A30859150,6,052477456-001
A30859150,9,057980065-004
A30859150,9,057980065-003
A30859150,9,057980065-002
A30859150,9,057980065-001
A30859150,9,052477456-004
A30859150,9,052477456-003
A30859150,9,052477456-002
A30859150,9,052477456-001
A30859150,6,057980065-005
A30859150,6,057980065-004
A30859150,9,057980065-005
A30859150,5,057980065-005
A30859150,5,057980065-004
A30859150,5,057980065-003
A30859150,5,057980065-002
A30859150,5,057980065-001
A30859150,5,052477456-004
A30859150,5,052477456-003
A30859150,5,052477456-002
A30859150,5,052477456-001
A30859150,7,057980065
A30859150,7,052477456
A30859151,15,053846335
A30859151,8,053846335
A30859151,5,053846335
A30859151,9,053846335
A30859151,6,053846335
A30859151,7,053846335
A30859152,5,071232631
A30859152,9,071232631
A30859152,6,071232631
A30859152,7,071232631
A30859153,5,071232654
A30859153,9,071232654
A30859153,6,071232654
A30859153,7,071232654
A30859154,5,065261455
A30859154,9,065261455
A30859154,6,065261455
A30859154,7,065261455
A30859155,5,073192864
A30859155,9,073192864
A30859155,6,073192864
A30859155,7,073192864
A30859156,8,050056416
A30859156,15,050056416
A30859156,5,050056416
A30859156,9,050056416
A30859156,6,050056416
A30859156,7,050056416
A30859157,5,056497201
A30859157,9,056497201
A30859157,6,056497201
A30859157,7,056497201-001
A30859157,6,056497201-001
A30859157,9,056497201-001
A30859157,5,056497201-001
A30859157,7,056497201
A30859159,5,072605517
A30859159,9,072605517
A30859159,6,072605517
A30859159,7,072605517
A30859160,5,073192374
A30859160,9,073192374
A30859160,6,073192374
A30859160,7,073192374
A30859164,5,073313129
A30859164,6,073313129
A30859164,9,073313129
A30859164,7,073313129
A30859165,5,054157757
A30859165,6,054157757
A30859165,9,054157757
A30859165,7,054157757
A30859166,5,056393220
A30859166,6,056393220
A30859166,9,056393220
A30859166,7,056393220
A30859167,15,050869831
A30859167,8,050869831
A30859167,15,050869831-004
A30859167,15,050869831-003
A30859167,15,050869831-002
A30859167,15,050869831-001
A30859167,8,050869831-004
A30859167,8,050869831-003
A30859167,8,050869831-002
A30859167,8,050869831-001
A30859168,15,051274749
A30859168,8,051274749
A30859168,15,051274749-004
A30859168,15,051274749-003
A30859168,15,051274749-002
A30859168,15,051274749-001
A30859168,8,051274749-004
A30859168,8,051274749-003
A30859168,8,051274749-002
A30859168,8,051274749-001
A30859201,15,071279656
A30859201,8,073572392
A30859201,8,071279656
A30859201,15,073572392
A30859201,5,073572392
A30859201,6,073572392
A30859201,7,071279656
A30859201,5,071279656
A30859201,9,071279656
A30859201,7,073572392
A30859201,9,073572392
A30859201,6,071279656
A30808005,9,051191150
A30808007,9,051172242
A30808007,9,051172242-001
A30808008,9,074188908
A30808010,9,052961672
A30808011,9,050671494
A30808012,9,072680426
A30808013,9,053052243
A30808016,9,061125946
A30808017,9,061125952
R30889425,13,072916702
R30889425,12,072916702
R30888625,12,055236616
R30888625,13,055236616
A30779792,6,065323688
A30779792,5,065323688
A30779792,7,065323688
A30779792,9,065323688
A30779793,6,065323734
A30779793,5,065323734
A30779793,7,065323734
A30779793,9,065323734
A30798046,5,060386766
A30798046,6,060386766
A30798046,7,060386766
A30798046,9,060386766
A30798047,5,065941486
A30798047,6,065941486
A30798047,7,065941486
A30798047,9,065941486
A30798048,5,074180122
A30798048,6,074180122
A30798048,7,074180122
A30798048,9,074180122
A30798049,6,074014672
A30798049,5,074014672
A30798049,7,074014672
A30798049,9,074014672
A30798050,6,050736332
A30798050,5,050736332
A30798050,7,050736332
A30798050,9,050736332
A30798051,5,050253534
A30798051,7,050253534
A30798051,6,050253534
A30798051,9,050253534
A30798052,5,061188786
A30798052,7,061188786
A30798052,6,061188786
A30798052,9,061188786
A30798053,15,060552234
A30798053,8,060552234
A30798053,5,060552234
A30798053,7,060552234
A30798053,6,060552234
A30798053,9,060552234
A30798054,5,072293343
A30798054,7,072293343
A30798054,6,072293343
A30798054,9,072293343
A30798055,5,060956576
A30798055,7,060956576
A30798055,6,060956576
A30798055,9,060956576
A30798056,5,051638464
A30798056,6,051638464
A30798056,9,051638464
A30798056,7,051638464
A30798057,5,051800387
A30798057,6,051800387
A30798057,9,051800387
A30798057,7,051800387
A30798059,5,074014504
A30798059,6,074014504
A30798059,9,074014504
A30798059,7,074014504
A30798060,5,054930308
A30798060,6,054930308
A30798060,9,054930308
A30798060,7,054930308
A30798061,5,050248005
A30798061,6,050248005
A30798061,7,050248005
A30798061,9,050248005
A30798062,5,050968610
A30798062,6,050968610
A30798062,7,050968610
A30798062,5,050968610-001
A30798062,6,050968610-001
A30798062,7,050968610-001
A30798062,9,050968610-001
A30798062,9,050968610
A30798063,5,061272293
A30798063,6,061272293
A30798063,7,061272293
A30798063,9,061272293
A30798064,5,073457926
A30798064,6,073457926
A30798064,7,073457926
A30798064,9,073457926
A30798065,5,073457955
A30798065,6,073457955
A30798065,7,073457955
A30798065,9,073457955
R30791305,12,054400654
R30791305,13,071250557
R30791305,13,054400654-004
R30791305,12,071250557
R30791305,12,054400654-005
R30791305,13,054400654
R30791305,12,054400654-001
R30791305,12,054400654-006
R30791305,13,054400654-005
R30791305,13,054400654-001
R30791305,13,054400654-002
R30791305,12,054400654-004
R30791305,13,054400654-006
R30791305,12,054400654-002
A30792905,9,057132177
A30792905,15,057132177
A30797705,5,060493666
A30797705,6,060493666
A30797705,7,060493666
A30797705,9,060493666
A30797706,5,074179902
A30797706,6,074179902
A30797706,7,074179902
A30797706,9,074179902
A30797707,5,068023762
A30797707,6,068023762
A30797707,7,068023762
A30797707,9,068023762
A30797708,5,050339923
A30797708,6,050339923
A30797708,7,050339923
A30797708,9,050339923
A30797709,8,067984996
A30797709,15,067984996
A30797709,5,067984996
A30797709,6,067984996
A30797709,7,067984996
A30797709,9,067984996
A30797710,5,051926048
A30797710,6,051926048
A30797710,7,051926048
A30797710,9,051926048
A30797711,5,051926336
A30797711,6,051926336
A30797711,7,051926336
A30797711,9,051926336
A30797712,5,051797919
A30797712,6,051797919
A30797712,7,051797919
A30797712,9,051797919
A30797713,5,071772924
A30797713,6,071772924
A30797713,7,071772924
A30797713,9,071772924
A30797714,5,071772803
A30797714,6,071772803
A30797714,7,071772803
A30797714,9,071772803
A30797715,5,066098232
A30797715,6,066098232
A30797715,7,066098232
A30797715,9,066098232
A30797716,5,056021483
A30797716,6,056021483
A30797716,7,056021483
A30797716,9,056021483
A30797717,5,056020582
A30797717,6,056020582
A30797717,7,056020582
A30797717,9,056020582
A30797718,5,067574976
A30797718,6,067574976
A30797718,7,067574976
A30797718,9,067574976
A30797719,5,065897814
A30797719,6,065897814
A30797719,7,065897814
A30797719,9,065897814
A30797720,5,059736646
A30797720,6,059736646
A30797720,7,059736646
A30797720,9,059736646
A30797722,5,050557503
A30797722,6,050557503
A30797722,7,050557503
A30797722,9,050557503
A30797723,5,072645999
A30797723,6,072645999
A30797723,7,072645999
A30797723,9,072645999
A30797724,5,072646024
A30797724,6,072646024
A30797724,7,072646024
A30797724,9,072646024
A30797725,5,072645964
A30797725,6,072645964
A30797725,7,072645964
A30797725,9,072645964
A30797726,5,071931846
A30797726,6,071931846
A30797726,7,071931846
A30797726,9,071931846
A30797727,5,071931875
A30797727,6,071931875
A30797727,7,071931875
A30797727,9,071931875
A30797728,5,073132781
A30797728,6,073132781
A30797728,7,073132781
A30797728,9,073132781
A30797729,5,058558501
A30797729,6,058558501
A30797729,7,058558501
A30797729,9,058558501
A30797730,5,066579239
A30797730,6,066579239
A30797730,7,066579239
A30797730,9,066579239
A30797731,5,071322916
A30797731,6,071322916
A30797731,7,071322916
A30797731,9,071322916
A30797732,5,071844137
A30797732,6,071844137
A30797732,7,071844137
A30797732,9,071844137
A30797733,5,071844051
A30797733,6,071844051
A30797733,7,071844051
A30797733,9,071844051
A30797734,5,071264760
A30797734,6,071264760
A30797734,7,071264760
A30797734,9,071264760
A30797735,5,071264875
A30797735,6,071264875
A30797735,7,071264875
A30797735,9,071264875
A30797736,5,067209464
A30797736,6,067209464
A30797736,7,067209464
A30797736,9,067209464
A30797737,5,054323221
A30797737,6,054323221
A30797737,7,054323221
A30797737,9,054323221
A30797738,5,071214077
A30797738,6,071214077
A30797738,7,071214077
A30797738,9,071214077
A30797739,5,072350230
A30797739,6,072350230
A30797739,7,072350230
A30797739,9,072350230
A30797740,5,072350201
A30797740,6,072350201
A30797740,7,072350201
A30797740,9,072350201
A30797742,5,057340798
A30797742,6,057340798
A30797742,7,057340798
A30797742,9,057340798
A30797743,5,064511127
A30797743,6,064511127
A30797743,7,064511127
A30797743,9,064511127
A30797744,5,071313991
A30797744,6,071313991
A30797744,7,071313991
A30797744,9,071313991
A30797745,5,061041745
A30797745,6,061041745
A30797745,7,061041745
A30797745,9,061041745
A30797746,5,074190185
A30797746,6,074190185
A30797746,7,074190185
A30797746,9,074190185
A30797747,5,072381515
A30797747,6,072381515
A30797747,7,072381515
A30797747,9,072381515
A30797748,5,051481849
A30797748,6,051481849
A30797748,7,051481849
A30797748,9,051481849
A30859046,9,052820563
A30859046,6,052820563-001
A30859046,9,052820655
A30859046,8,052820528
A30859046,7,052820563-001
A30859046,15,050988407-001
A30859046,8,050988407
A30859046,6,052820563
A30859046,15,052820655
A30859046,9,052820528
A30859046,8,052820655-001
A30859046,7,050988407
A30859046,8,050988407-001
A30859046,8,052820563
A30859046,8,052820563-001
A30859046,15,052820528
A30859046,15,052820655-001
A30859046,5,052820528-001
A30859046,7,052820655-001
A30859046,15,052820563-001
A30859046,15,052820528-001
A30859046,5,052820655-001
A30859046,9,052820563-001
A30859046,5,052820528
A30859046,15,050988407
A30859046,6,052820655-001
A30859046,8,052820655
A30859046,6,050988407-001
A30859046,6,052820528
A30859046,15,052820563
A30859046,9,050988407
A30859046,6,052820528-001
A30859046,7,052820528
A30859046,9,050988407-001
A30859046,7,052820655
A30859046,9,052820528-001
A30859046,6,050988407
A30859046,7,050988407-001
A30859046,5,052820655
A30859046,5,050988407-001
A30859046,9,052820655-001
A30859046,7,052820528-001
A30859046,5,052820563
A30859046,5,052820563-001
A30859046,6,052820655
A30859046,7,052820563
A30859046,5,050988407
A30859046,8,052820528-001
A30859471,5,065400107
A30859471,9,065400107
A30859471,7,065400107
A30859471,6,065400107
A30859472,9,063131060
A30859472,7,063131060
A30859472,6,063131060
A30859472,5,063131060
A30859473,9,066471176
A30859473,7,066471176
A30859473,6,066471176
A30859473,5,066471176
A30859474,7,063130936
A30859474,6,063130936
A30859474,5,063130936
A30859474,9,063130936
A30859475,7,071703777
A30859475,6,071703777
A30859475,5,071703777
A30859475,9,071703777
A30859476,7,063130556
A30859476,6,063130556
A30859476,5,063130556
A30859476,9,063130556
A30859477,7,073978085
A30859477,6,073978085
A30859477,5,073978085
A30859477,9,073978085
A30807528,7,071322818
A30807528,9,071322818
A30807528,6,071322818
A30807528,5,071322818
R30791388,12,073291355
R30791388,13,073291355
R30791388,13,073291378
R30791388,12,073291378
A30859846,6,062691025-002
A30859846,5,062691025-003
A30859846,7,062691025-002
A30859846,9,062691025
A30859846,7,062691025-003
A30859846,5,062691025
A30859846,7,062691025-001
A30859846,6,062691025
A30859846,5,062691025-002
A30859846,6,062691025-001
A30859846,6,062691025-003
A30859846,7,062691025
A30859846,9,062691025-002
A30859846,9,062691025-001
A30859846,9,062691025-003
A30859846,5,062691025-001
A30860370,9,066499132
A30860370,5,066499132
A30860370,6,066499132
A30860370,7,066499132
A30860371,9,066498496
A30860371,5,066498496
A30860371,7,066498496
A30860371,6,066498496
A30860372,9,066499420
A30860372,5,066499420
A30860372,7,066499420
A30860372,6,066499420
A30860373,9,066497203
A30860373,5,066497203
A30860373,7,066497203
A30860373,6,066497203
A30860374,9,059361228
A30860374,5,059361228
A30860374,7,059361228
A30860374,6,059361228
A30860375,9,059361265
A30860375,5,059361265
A30860375,7,059361265
A30860375,6,059361265
A30860376,9,073324859
A30860376,5,073324859
A30860376,7,073324859
A30860376,6,073324859
A30860377,9,073324836
A30860377,7,073324836
A30860377,5,073324836
A30860377,6,073324836
A30860378,9,073314744
A30860378,7,073314744
A30860378,5,073314744
A30860378,6,073314744
A30860379,9,073314785
A30860379,7,073314785
A30860379,5,073314785
A30860379,6,073314785
A30860380,9,062330920
A30860380,7,062330920
A30860380,5,062330920
A30860380,6,062330920
A30860381,9,062330937
A30860381,7,062330937
A30860381,5,062330937
A30860381,6,062330937
A30860382,9,062330839
A30860382,7,062330839
A30860382,5,062330839
A30860382,6,062330839
A30860466,6,067202828
A30860466,5,067202828
A30860466,9,067202828
A30860466,7,067202828
A30806785,9,058202491
A30806786,9,059530708
A30806787,9,059530906
A30806788,9,071323005
A30807696,5,050237502
A30807696,6,050237502
A30807696,7,050237502
A30807696,5,050237502-003
A30807696,5,050237502-002
A30807696,5,050237502-001
A30807696,6,050237502-003
A30807696,6,050237502-002
A30807696,6,050237502-001
A30807696,7,050237502-003
A30807696,7,050237502-002
A30807696,7,050237502-001
A30807697,5,074102049
A30807697,6,074102049
A30807697,7,074102049
A30807698,5,064554560
A30807698,6,064554560
A30807698,7,064554560
A30807699,5,050237531
A30807699,6,050237531
A30807699,7,050237531
A30807700,5,054213680
A30807700,6,054213680
A30807700,7,054213680
A30807701,6,050237871
A30807701,5,050237871
A30807701,7,050237871
A30807702,6,050869065
A30807702,5,050869065
A30807702,7,050869065
A30807703,6,051285667
A30807703,5,051285667
A30807703,7,051285667
A30782329,7,072550609
A30782329,6,072550609
A30782329,5,072550609
A30782329,9,072550609
A30782330,6,072550523
A30782330,5,072550523
A30782330,9,072550523
A30782330,7,072550523
A30782331,6,072550575
A30782331,5,072550575
A30782331,9,072550575
A30782331,7,072550575
A30782332,6,073571836
A30782332,5,073571836
A30782332,9,073571836
A30782332,7,073571836
A30807860,9,066614567
A30807860,7,066614567
A30807860,6,066614567
A30807860,5,066614567
A30807861,9,066615036
A30807861,7,066615036
A30807861,6,066615036
A30807861,5,066615036
A30807862,9,070678813
A30807862,7,070678813
A30807862,6,070678813
A30807862,5,070678813
A30795425,9,052364457
A30795425,15,052364457
A30795429,9,057693497
A30795429,15,057693497
A30807707,5,051172213
A30807707,7,051172213
A30807707,6,051172213
A30807709,5,057668770
A30807709,6,057668770-001
A30807709,7,057668770
A30807709,6,057668770
A30807709,5,057668770-001
A30807709,7,057668770-001
A30807710,5,051732588
A30807710,7,051732588
A30807710,6,051732588
A30807712,5,050723445
A30807712,7,050723445
A30807712,6,050723445
A30807713,5,070630363
A30807713,7,070630363
A30807713,6,070630363
R30893788,12,071231407
R30893788,13,071231407
R30893789,12,056592566
R30893789,13,056592566
R30893790,12,062287049
R30893790,13,062287049
R30893790,13,062287049-002
R30893790,13,062287049-001
R30893790,12,062287049-002
R30893790,12,062287049-001
R30893791,12,060857716
R30893791,13,060857716
R30893791,13,060857716-002
R30893791,13,060857716-001
R30893791,12,060857716-002
R30893791,12,060857716-001
R30893792,12,067181736
R30893792,13,067181736
R30893793,12,073921204
R30893793,13,073921204
R30893794,12,073921193
R30893794,13,073921193
R30893795,12,072419524
R30893795,13,072419524
R30893796,12,071825287
R30893796,13,071825287
R30893797,12,073906396
R30893797,13,073906396
R30893798,12,072678240
R30893798,13,072678240
R30893799,13,072678314
R30893799,12,072678314
R30893800,13,073870880
R30893800,12,073870880
R30893801,13,066340591
R30893801,12,066340591
A30807813,8,066117827
A30807813,15,066117827
R30893802,13,050645952
R30893802,12,050645952
R30893802,12,050645952-001
R30893802,13,050645952-001
R30893803,13,072350564
R30893803,12,072350564
R30893804,13,072395954
R30893804,12,072395954
R30893805,13,073685108
R30893805,12,073685108
R30893806,13,071564261
R30893806,12,071564261
R30893807,13,052850544
R30893807,12,052850544
R30893807,12,052850544-002
R30893807,12,052850544-001
R30893807,13,052850544-002
R30893807,13,052850544-001
R30893808,13,051432724
R30893808,12,051432724
R30893808,12,051432724-002
R30893808,12,051432724-001
R30893808,13,051432724-002
R30893808,13,051432724-001
R30893809,13,062401330
R30893809,12,062401330
R30893809,13,062401330-002
R30893809,12,062401330-002
R30893810,13,070587794
R30893810,12,070587794
R30893811,13,070587811
R30893811,12,070587811
R30893812,13,056859488
R30893812,12,056859488
R30893812,13,056859488-001
R30893812,12,056859488-001
R30893813,13,051323151
R30893813,12,051323151
R30893813,13,051323151-001
R30893813,12,051323151-001
R30893814,13,051323145
R30893814,12,051323145
R30893814,12,051323145-001
R30893814,13,051323145-001
R30893815,13,072306629
R30893815,12,072306629
R30893816,13,072306693
R30893816,12,072306693
A30774506,15,051551001
A30774506,9,051551001
A30774507,15,051734678
A30774507,9,051734678
A30774508,15,071248457
A30774508,9,071248457
A30774509,15,071262451
A30774509,9,071262451
A30774510,15,071248250
A30774510,9,071248250
A30774511,15,073604177
A30774511,9,073604177
A30774512,15,071248394
A30774512,9,071248394
A30889027,9,052504517
A30807959,9,052160404
R30889307,12,072916719
R30889307,13,072916719
R30889345,12,070179586
R30889345,13,070179586
A30807984,9,066117827
R30889367,12,074403373
R30889367,13,074403373
R30796171,12,073273728
R30796171,13,073273728
A30775045,6,053493331
A30775045,5,053493331
A30775045,6,053493331-001
A30775045,9,053493331-001
A30775045,5,053493331-001
A30775045,7,053493331
A30775045,7,053493331-001
A30775045,9,053493331
A30793859,8,053474642
A30793859,15,053474642
A30807834,8,051191150
A30807834,15,051191150
A30807836,15,051172242-001
A30807836,8,051172242-001
A30807836,8,051172242
A30807836,15,051172242
A30807837,8,074188908
A30807837,15,074188908
A30807839,8,052961672
A30807839,15,052961672
A30807840,8,050671494
A30807840,15,050671494
A30807841,8,072680426
A30807841,15,072680426
A30807842,8,053052243
A30807842,15,053052243
A30807845,8,061125946
A30807845,15,061125946
A30807846,15,061125952
A30807846,8,061125952
A30859565,15,072512051
A30859565,8,072512051
A30859565,7,072512051
A30859565,6,072512051
A30859565,5,072512051
A30840868,8,054404068
A30840868,8,054404068-001
A30840868,15,054404068-001
A30840868,15,054404068
A30840868,5,054404068
A30840868,6,054404068
A30840868,7,054404068
A30840868,9,054404068
A30840868,9,054404068-001
A30840868,6,054404068-001
A30840868,7,054404068-001
A30840868,5,054404068-001
A30840869,5,073291390
A30840869,6,073291390
A30840869,7,073291390
A30840869,9,073291390
A30840876,7,067327623-001
A30840876,5,067327623
A30840876,6,067327623
A30840876,7,067327623
A30840876,9,067327623
A30840876,9,067327623-001
A30840876,5,067327623-001
A30840876,6,067327623-001
A30840870,5,050484456
A30840870,6,050484456
A30840870,7,050484456
A30840870,9,050484456
A30840870,9,050484456-002
A30840870,9,050484456-001
A30840870,6,050484456-002
A30840870,6,050484456-001
A30840870,7,050484456-002
A30840870,7,050484456-001
A30840870,5,050484456-002
A30840870,5,050484456-001
A30840871,5,074287704
A30840871,6,074287704
A30840871,7,074287704
A30840871,9,074287704
A30840872,5,057904255
A30840872,6,057904255
A30840872,7,057904255
A30840872,9,057904255
A30840872,9,057904255-001
A30840872,7,057904255-001
A30840872,6,057904255-001
A30840872,5,057904255-001
A30840873,7,059099339
A30840873,5,059099339
A30840873,6,059099339
A30840873,9,059099339
A30840873,9,059099339-001
A30840873,7,059099339-001
A30840873,6,059099339-001
A30840873,5,059099339-001
A30795607,5,071903258
A30795607,6,071903258
A30795607,7,071903258
A30795608,5,067041806
A30795608,6,067041806
A30795608,7,067041806
A30795608,9,067041806
A30795609,5,067481525
A30795609,6,067481525
A30795609,7,067481525
A30795609,9,067481525
A30795610,5,050465410
A30795610,6,050465410
A30795610,7,050465410
A30795610,9,050465410
A30795611,5,059817228
A30795611,6,059817228
A30795611,7,059817228
A30795611,9,059817228
A30795612,5,059818129
A30795612,6,059818129
A30795612,7,059818129
A30795612,9,059818129
A30795613,5,051437984
A30795613,6,051437984
A30795613,7,051437984
A30795613,9,051437984
A30795614,5,050233725
A30795614,6,050233725
A30795614,7,050233725
A30795614,9,050233725
A30795615,5,064527719
A30795615,6,064527719
A30795615,7,064527719
A30795615,9,064527719
A30795616,5,073471943
A30795616,6,073471943
A30795616,7,073471943
A30795616,9,073471943
A30795617,5,067481456
A30795617,6,067481456
A30795617,7,067481456
A30795617,9,067481456
A30795618,5,071355612
A30795618,6,071355612
A30795618,7,071355612
A30795618,9,071355612
A30795619,5,073457914
A30795619,6,073457914
A30795619,7,073457914
A30795619,9,073457914
A30795620,5,073457575
A30795620,6,073457575
A30795620,7,073457575
A30795620,9,073457575
A30795621,5,067042464
A30795621,6,067042464
A30795621,7,067042464
A30795621,9,067042464
A30795622,5,071264604
A30795622,6,071264604
A30795622,7,071264604
A30795622,9,071264604
A30795623,5,074189372
A30795623,6,074189372
A30795623,7,074189372
A30795623,9,074189372
A30795624,5,070930152
A30795624,6,070930152
A30795624,7,070930152
A30795624,9,070930152
A30795625,5,073939529
A30795625,6,073939529
A30795625,7,073939529
A30795625,9,073939529
A30795626,5,073458073
A30795626,6,073458073
A30795626,7,073458073
A30795626,9,073458073
A30795627,5,072381636
A30795627,6,072381636
A30795627,7,072381636
A30795627,9,072381636
A30795628,5,072381976
A30795628,6,072381976
A30795628,7,072381976
A30795628,9,072381976
A30795629,5,050228686
A30795629,6,050228686
A30795629,7,050228686
A30795629,9,050228686
A30795630,5,072388427
A30795630,6,072388427
A30795630,7,072388427
A30795630,9,072388427
A30795631,8,057824827
A30795631,15,057824827
A30795631,5,057824827
A30795631,6,057824827
A30795631,7,057824827
A30795631,9,057824827
A30795632,5,058380779
A30795632,6,058380779
A30795632,7,058380779
A30795632,9,058380779
A30795632,8,058380779
A30795632,15,058380779
A30840874,5,059783923
A30840874,9,059783923-001
A30840874,6,059783923
A30840874,7,059783923
A30840874,9,059783923
A30840874,7,059783923-001
A30840874,5,059783923-001
A30840874,6,059783923-001
A30840875,9,067327410
A30840875,5,067327410
A30840875,6,067327410
A30840875,7,067327410
A30840875,9,067327410-001
A30840875,7,067327410-001
A30840875,5,067327410-001
A30840875,6,067327410-001
A30859818,8,050986317
A30859818,8,050986317-002
A30859818,15,050986317-001
A30859818,15,050986317-002
A30859818,15,050986317
A30859818,8,050986317-001
A30859852,7,055251281
A30859852,9,055251281
A30859852,6,055251281
A30859852,5,055251281
A30807952,6,061125216-001
A30807952,6,061125216
A30807952,5,061125216
A30807952,15,061125216-001
A30807952,9,061125216
A30807952,5,061125216-001
A30807952,8,061125216-001
A30807952,7,061125216
A30807952,8,061125216
A30807952,15,061125216
A30807952,9,061125216-001
A30807952,7,061125216-001
A30827206,15,071167437
A30827206,6,071167437
A30827206,5,071167437
A30827206,9,071167437
A30827206,7,071167437
A30827206,8,071167437
A30827207,15,072217441
A30827207,6,072217441
A30827207,5,072217441
A30827207,9,072217441
A30827207,7,072217441
A30827207,8,072217441
A30827208,8,065663573
A30827208,15,065663573
A30827208,6,065663573
A30827208,5,065663573
A30827208,9,065663573
A30827208,7,065663573
A30827209,15,065664071
A30827209,8,065664071
A30827209,6,065664071
A30827209,5,065664071
A30827209,9,065664071
A30827209,7,065664071
A30827210,8,065664399
A30827210,15,065664399
A30827210,6,065664399
A30827210,5,065664399
A30827210,9,065664399
A30827210,7,065664399
A30827211,8,065672458
A30827211,15,065672458
A30827211,6,065672458
A30827211,5,065672458
A30827211,9,065672458
A30827211,7,065672458
A30827212,6,065652678
A30827212,5,065652678
A30827212,9,065652678
A30827212,7,065652678
A30827213,5,067534320
A30827213,6,067534320
A30827213,9,067534320
A30827213,7,067534320
A30827214,6,066274536
A30827214,5,066274536
A30827214,9,066274536
A30827214,7,066274536
A30827215,6,071231540
A30827215,5,071231540
A30827215,9,071231540
A30827215,7,071231540
A30827216,6,051515362
A30827216,5,051515362
A30827216,9,051515362
A30827216,7,051515362
A30827217,6,051735441
A30827217,5,051735441
A30827217,7,051735441
A30827217,6,051735441-001
A30827217,5,051735441-001
A30827217,7,051735441-001
A30827217,9,051735441-001
A30827217,9,051735441
A30827218,5,071214100
A30827218,7,071214100
A30827218,6,071214100
A30827218,9,071214100
A30818958,6,053766147
A30818958,5,053766147
A30818958,9,053766147
A30818958,7,053766147
A30818959,6,053766176
A30818959,5,053766176
A30818959,9,053766176
A30818959,7,053766176
A30818960,6,070153461
A30818960,9,070153461
A30818960,7,070153461
A30818960,5,070153461
A30818961,6,070153478
A30818961,5,070153478
A30818961,9,070153478
A30818961,7,070153478
A30818962,6,070153484
A30818962,5,070153484
A30818962,9,070153484
A30818962,7,070153484
A30818963,6,070153490
A30818963,5,070153490
A30818963,7,070153490
A30818963,9,070153490
A30818964,6,070724264
A30818964,5,070724264
A30818964,7,070724264
A30818964,9,070724264
A30818965,6,070724304
A30818965,5,070724304
A30818965,9,070724304
A30818965,7,070724304
A30818966,6,070724333
A30818966,5,070724333
A30818966,9,070724333
A30818966,7,070724333
A30818967,6,070724362
A30818967,5,070724362
A30818967,9,070724362
A30818967,7,070724362
A30818968,6,070724483
A30818968,5,070724483
A30818968,9,070724483
A30818968,7,070724483
A30818969,6,070724615
A30818969,5,070724615
A30818969,9,070724615
A30818969,7,070724615
A30818970,5,070724736
A30818970,6,070724736
A30818970,9,070724736
A30818970,7,070724736
A30824186,8,053194161
A30824186,15,053194161
A30824186,5,053194161
A30824186,9,053194161
A30824186,6,053194161
A30824446,6,053150697
A30824446,9,053150697-001
A30824446,5,053150697-001
A30824446,6,053150697-001
A30824446,9,053150697
A30824446,5,053150697
A30824486,5,053151039-001
A30824486,6,053151039
A30824486,5,053151039
A30824486,9,053151039-001
A30824486,6,053151039-001
A30824486,9,053151039
A30824545,5,055884608-002
A30824545,6,055884580
A30824545,9,055884608
A30824545,9,055884580
A30824545,6,055884580-001
A30824545,9,055884608-002
A30824545,9,055884580-001
A30824545,5,055884580-001
A30824545,5,055884608
A30824545,6,055884608
A30824545,5,055884580
A30824545,6,055884608-002
A30836246,6,050117132
A30836246,9,050117132-001
A30836246,5,050117132-001
A30836246,5,050117132
A30836246,6,050117132-001
A30836246,9,050117132
A30844406,6,058265718
A30844406,5,058265718
A30844406,15,058265718
A30844406,8,058265718
A30844406,9,058265718
A30844406,7,058265718
A30844407,6,067508692
A30844407,5,067508692
A30844407,15,067508692
A30844407,8,067508692
A30844407,9,067508692
A30844407,7,067508692
A30844408,6,071280481
A30844408,5,071280481
A30844408,15,071280481
A30844408,8,071280481
A30844408,9,071280481
A30844408,7,071280481
A30823945,15,073780220
A30823945,8,073780220
A30823945,5,073780220
A30823945,9,073780220
A30823945,6,073780220
A30829085,7,062618892
A30829085,5,062618892
A30829085,9,062618892
A30829085,6,062618892
A30839526,7,074694050
A30839526,9,074694050
A30839526,6,074694050
A30839526,5,074694050
A30846945,8,054220291-001
A30846945,6,054220291-003
A30846945,7,054220291
A30846945,7,054220291-001
A30846945,15,054220291-001
A30846945,9,054220291-002
A30846945,5,054220291-001
A30846945,8,054220291
A30846945,7,054220291-003
A30846945,15,054220291-003
A30846945,8,054220291-002
A30846945,6,054220291-002
A30846945,5,054220291-002
A30846945,6,054220291-001
A30846945,9,054220291-001
A30846945,9,054220291-003
A30846945,5,054220291
A30846945,9,054220291
A30846945,15,054220291
A30846945,7,054220291-002
A30846945,6,054220291
A30846945,15,054220291-002
A30846945,5,054220291-003
A30846945,8,054220291-003
A30834865,6,071955518
A30834865,5,071955518
A30834865,9,071955518
A30834865,7,071955518
A30834866,9,071956004
A30834866,7,071956004
A30834866,6,071956004
A30834866,5,071956004
A30834867,6,071956045
A30834867,5,071956045
A30834867,9,071956045
A30834867,7,071956045
A30834868,7,071956080
A30834868,6,071956080
A30834868,5,071956080
A30834868,9,071956080
A30834869,6,071956120
A30834869,5,071956120
A30834869,9,071956120
A30834869,7,071956120
A30834870,6,072809052
A30834870,5,072809052
A30834870,9,072809052
A30834870,7,072809052
R30867463,13,063296820
R30867463,12,063296820
R30867463,13,063296820-001
R30867463,12,063296820-001
A30827825,15,067113346
A30827825,9,067113346
A30827825,8,067113346
A30827825,7,067113346
A30827825,6,067113346
A30827825,5,067113346
A30825899,9,051595231
A30825899,7,051595231
A30825899,6,051595231
A30825899,5,051595231
A30825900,9,073856546
A30825900,7,073856546
A30825900,6,073856546
A30825900,5,073856546
A30830505,5,067575236
A30830505,7,067575236-001
A30830505,6,067575236
A30830505,5,067575236-001
A30830505,6,067575236-001
A30830505,9,067575236-001
A30830505,9,067575236
A30830505,7,067575236
A30823745,8,052989449
A30823745,15,052989449
A30823745,9,052989449
A30823745,5,052989449
A30823745,6,052989449
R30824085,12,061587106-001
R30824085,13,061587106
R30824085,12,061587106
R30824085,13,061587106-001
A30824285,15,056210599
A30824285,8,056210599
A30824285,6,056210599
A30824285,9,056210599
A30824285,5,056210599
A30829087,7,067819341
A30829087,5,067819341
A30829087,6,067819341
A30829087,9,067819341
A30829505,5,063837446-001
A30829505,6,063837446
A30829505,6,063837446-001
A30829505,5,063837446
A30829505,9,063837446
A30829505,7,063837446-001
A30829505,9,063837446-001
A30829505,7,063837446
A30829545,7,070179592
A30829545,9,070179592
A30829545,5,070179592
A30829545,6,070179592
A30830785,9,072293781
A30830785,7,072293781
A30830785,6,072293781
A30830785,5,072293781
R30815066,12,062381296
R30815066,13,062381296
R30815067,12,073003358
R30815067,13,073003358
R30815068,12,059769970
R30815068,13,059769970
R30815069,12,070077827
R30815069,13,070077827
R30815071,12,072470180
R30815071,13,072470180
R30815072,12,072470243
R30815072,13,072470243
R30815073,12,070183033
R30815073,13,070183033
R30815074,12,070687330
R30815074,13,070687330
R30815075,12,062571657
R30815075,13,062571657
R30815076,12,057501150
R30815076,13,057501150
R30815077,12,070687324
R30815077,13,070687324
R30815078,12,063701987
R30815078,13,063701987
R30815079,12,073171780
R30815079,13,073171780
R30815080,12,072482839
R30815080,13,072482839
R30815081,12,072482614
R30815081,13,072482614
R30815082,12,072677327
R30815082,13,072677327
R30815083,12,071334015
R30815083,13,071334015
R30815084,12,070923132
R30815084,13,070923132
R30823986,12,052983012
R30823986,12,052983012-003
R30823986,12,052983012-004
R30823986,13,052983012-001
R30823986,12,052983012-002
R30823986,13,052983012-004
R30823986,13,052983012-002
R30823986,13,052983012
R30823986,13,052983012-003
R30823986,12,052983012-001
A30829565,6,072916719
A30829565,5,072916719
A30829565,9,072916719
A30829565,7,072916719
A30828586,9,065729721
A30828586,5,065729721
A30828586,7,065729721
A30828586,6,065729721
A30828965,5,073022145
A30828965,6,073022145
A30828965,9,073022145
A30828965,7,073022145
A30829027,9,066460293
A30829027,7,066460293
A30829027,5,066460293
A30829027,6,066460293
A30932425,5,072246509
A30932425,9,072246509
A30932425,7,072246509
A30932425,6,072246509
A30933005,7,074182419
A30933005,5,074182419
A30933005,6,074182419
A30933005,9,074182419
A30849617,15,068208740
A30849617,5,068208740
A30849617,6,068208740
A30849617,9,068208740
A30849617,7,068208740
A30849617,8,068208740
A30829065,6,054064354
A30829065,5,054064354
A30829065,7,054064354
A30829065,9,054064354
A30839805,6,074079082
A30839805,5,074079030
A30839805,6,074078993
A30839805,9,074079082
A30839805,9,074079030
A30839805,6,074079030
A30839805,9,074078993
A30839805,5,074078993
A30839805,5,074079082
A30840005,5,065107720
A30840005,6,065107720
A30840005,7,065107720
A30840005,9,065107720
A30840006,5,065107743
A30840006,6,065107743
A30840006,7,065107743
A30840006,9,065107743
A30840007,5,065107858
A30840007,6,065107858
A30840007,7,065107858
A30840007,9,065107858
A30840008,5,065107985
A30840008,6,065107985
A30840008,7,065107985
A30840008,9,065107985
A30840009,5,065107991
A30840009,6,065107991
A30840009,7,065107991
A30840009,9,065107991
A30840010,5,054473138
A30840010,6,054473138
A30840010,7,054473138
A30840010,9,054473138
A30840011,5,054473288
A30840011,6,054473288
A30840011,7,054473288
A30840011,9,054473288
A30840012,5,054475806
A30840012,6,054475806
A30840012,7,054475806
A30840012,9,054475806
A30840013,5,072425822
A30840013,6,072425822
A30840013,7,072425822
A30840013,9,072425822
A30840014,5,072425874
A30840014,6,072425874
A30840014,7,072425874
A30840014,9,072425874
A30840015,5,072425943
A30840015,6,072425943
A30840015,7,072425943
A30840015,9,072425943
A30840016,5,070631494
A30840016,6,070631494
A30840016,7,070631494
A30840016,9,070631494
A30840017,5,072426625
A30840017,6,072426625
A30840017,7,072426625
A30840017,9,072426625
A30840018,5,073374528
A30840018,6,073374528
A30840018,7,073374528
A30840018,9,073374528
A30840019,5,073705547
A30840019,6,073705547
A30840019,7,073705547
A30840019,9,073705547
A30840020,5,071693879
A30840020,6,071693879
A30840020,7,071693879
A30840020,9,071693879
A30840021,9,071693948
A30840021,5,071693948
A30840021,6,071693948
A30840021,7,071693948
A30840022,9,071694008
A30840022,5,071694008
A30840022,6,071694008
A30840022,7,071694008
A30840023,9,071694072
A30840023,5,071694072
A30840023,6,071694072
A30840023,7,071694072
A30840024,7,071181517
A30840024,9,071181517
A30840024,5,071181517
A30840024,6,071181517
A30840025,7,071181534
A30840025,9,071181534
A30840025,5,071181534
A30840025,6,071181534
A30840026,7,070815525
A30840026,9,070815525
A30840026,5,070815525
A30840026,6,070815525
A30840027,7,070815560
A30840027,9,070815560
A30840027,5,070815560
A30840027,6,070815560
A30839367,6,074693932
A30839367,5,074693932
A30839367,7,074693932
A30839367,9,074693932
A30839706,9,052985782
A30839706,9,052617891
A30839706,6,056850215
A30839706,6,052617919
A30839706,5,052617891
A30839706,9,056850215
A30839706,9,052617919
A30839706,5,052985897
A30839706,6,052617891
A30839706,5,052985782
A30839706,5,056850215
A30839706,6,052985782
A30839706,6,052985897
A30839706,5,052617919
A30839706,9,052985897
A30839646,6,074693886
A30839646,7,074693886
A30839646,9,074693886
A30839646,5,074693886
R30834506,12,071198291
R30834506,13,071198291
R30834507,12,071226040
R30834507,13,071226040
R30834507,12,071226040-001
R30834507,13,071226040-001
R30834508,13,071198360
R30834508,12,071198360
R30834508,13,071198360-001
R30834508,12,071198360-001
R30834509,13,071206559
R30834509,12,071206559
R30834509,13,071206559-001
R30834509,12,071206559-001
R30834510,12,074014107
R30834510,13,074014107
R30834511,12,064563998
R30834511,13,064563998
R30834512,12,064563595
R30834512,13,064563595
R30834513,12,073324335
R30834513,13,073324335
R30834514,12,073324329
R30834514,13,073324329
R30834515,12,071143523
R30834515,13,071143523
R30834516,12,071143569
R30834516,13,071143569
R30834517,12,071143460
R30834517,13,071143460
R30834518,12,070808724
R30834518,13,070808724
R30834519,12,070809504
R30834519,13,070809504
R30834520,12,070811685
R30834520,13,070811685
R30834521,12,070809222
R30834521,13,070809222
R30834522,12,070809245
R30834522,13,070809245
R30834523,12,064565817
R30834523,13,064565817
R30834524,12,064563848
R30834524,13,064563848
R30834525,12,066993186
R30834525,13,066993186
R30834526,12,066992861
R30834526,13,066992861
R30834527,12,072171712
R30834527,13,072171712
R30834528,12,067139460
R30834528,13,067139460
R30834529,12,067139496
R30834529,13,067139496
R30834530,12,056997068
R30834530,12,056997068-001
R30834530,13,056997068-001
R30834530,13,056997068
R30831925,13,073267483
R30831925,12,073267483
A30840028,7,072022671
A30840028,9,072022671
A30840028,5,072022671
A30840028,6,072022671
A30840029,7,072418376
A30840029,9,072418376
A30840029,5,072418376
A30840029,6,072418376
A30840030,7,072418416
A30840030,9,072418416
A30840030,5,072418416
A30840030,6,072418416
A30840031,7,066021796
A30840031,9,066021796
A30840031,5,066021796
A30840031,6,066021796
A30840032,7,070722272
A30840032,9,070722272
A30840032,5,070722272
A30840032,6,070722272
A30840033,7,070722289
A30840033,9,070722289
A30840033,5,070722289
A30840033,6,070722289
A30840034,7,070722312
A30840034,9,070722312
A30840034,5,070722312
A30840034,6,070722312
A30840035,7,070722358
A30840035,9,070722358
A30840035,5,070722358
A30840035,6,070722358
A30840036,7,073374344
A30840036,9,073374344
A30840036,5,073374344
A30840036,6,073374344
A30840037,7,073374373
A30840037,9,073374373
A30840037,5,073374373
A30840037,6,073374373
A30840038,7,073374407
A30840038,9,073374407
A30840038,5,073374407
A30840038,6,073374407
A30840039,7,073374459
A30840039,9,073374459
A30840039,5,073374459
A30840039,6,073374459
A30840040,7,073374488
A30840040,9,073374488
A30840040,5,073374488
A30840040,6,073374488
A30840041,7,073374505
A30840041,9,073374505
A30840041,5,073374505
A30840041,6,073374505
A30840042,7,065108108
A30840042,9,065108108
A30840042,5,065108108
A30840042,6,065108108
A30840043,7,065108264
A30840043,9,065108264
A30840043,5,065108264
A30840043,6,065108264
A30840044,7,065108287
A30840044,9,065108287
A30840044,5,065108287
A30840044,6,065108287
A30840045,7,071692448
A30840045,9,071692448
A30840045,5,071692448
A30840045,6,071692448
A30840046,7,071692483
A30840046,9,071692483
A30840046,5,071692483
A30840046,6,071692483
A30840047,7,072023422
A30840047,9,072023422
A30840047,5,072023422
A30840047,6,072023422
A30840048,5,070587742
A30840048,7,070587742
A30840048,9,070587742
A30840048,6,070587742
A30840049,6,070631638
A30840049,9,070631638
A30840049,5,070631638
A30840049,7,070631638
A30840050,6,067464051
A30840050,9,067464051
A30840050,5,067464051
A30840050,7,067464051
A30840051,6,067464483
A30840051,9,067464483
A30840051,5,067464483
A30840051,7,067464483
A30840052,6,067464742
A30840052,9,067464742
A30840052,5,067464742
A30840052,7,067464742
A30840053,6,074068849
A30840053,9,074068849
A30840053,5,074068849
A30840053,7,074068849
A30840054,9,074068855
A30840054,5,074068855
A30840054,6,074068855
A30840054,7,074068855
A30840055,9,074068861
A30840055,5,074068861
A30840055,6,074068861
A30840055,7,074068861
A30840056,9,074068878
A30840056,5,074068878
A30840056,6,074068878
A30840056,7,074068878
A30840057,9,074717514
A30840057,5,074717514
A30840057,6,074717514
A30840057,7,074717514
A30842626,7,073386969
A30842626,9,073386969
A30842626,5,073386969
A30842626,6,073386969
A30842627,9,073387006
A30842627,5,073387006
A30842627,6,073387006
A30842627,7,073387006
A30842628,6,072203307
A30842628,7,072203307
A30842628,9,072203307
A30842628,5,072203307
A30842629,6,066495349
A30842629,7,066495349
A30842629,9,066495349
A30842629,5,066495349
A30842630,6,065982650
A30842630,7,065982650
A30842630,9,065982650
A30842630,5,065982650
A30842631,6,065982765
A30842631,7,065982765
A30842631,9,065982765
A30842631,5,065982765
A30842632,6,067453450
A30842632,7,067453450
A30842632,9,067453450
A30842632,5,067453450
A30842633,6,073922376
A30842633,7,073922376
A30842633,9,073922376
A30842633,5,073922376
A30842634,6,073922399
A30842634,7,073922399
