UCI,UCI_version
29362d82-798f-4ce3-85fc-db5035531036,1
bbf95216-2904-4e51-9766-b877306b71fb,1
54e352f3-518a-440b-b8e8-d9ca51ae6f77,1
996a3c50-9b27-4e25-89c8-08787126ac08,2
e8e5e35e-25c2-4434-a166-83adcd9c97dd,2
9fc6e5e2-fc32-4f3a-a17a-c9b6c8f902b1,1
c98055be-b443-405c-bb9f-538931fa9007,1
fd75b45f-e767-4fab-9893-033ee911f23f,5
74b42619-ff30-4962-8124-107b34bede24,1
ca94d8e4-dd31-4d3e-8d15-687139f84650,6
87311fea-5d8f-441f-9a1d-ef9f60233e14,4
03187bc5-20ab-404d-aa99-d4b629f401e1,1
6b28ecb3-223b-4394-9514-1e615a8627fd,1
7f3551cb-eb58-486b-9180-4b17a742b1a2,1
d2c0c918-7e74-4e9c-89bd-8c508f89f554,2
1666c5c9-bdf3-4e1f-be0f-0bf346dbea79,2
38265214-9c46-44e3-b68a-070a2f1d07dd,2
068329c7-1591-4e9c-a067-a112866615c8,1
94e4faf2-09d2-4931-9219-f6cea5a3154f,1
dd8a59e1-f8d4-4672-a1ca-9c6a8008f4d3,1
560d11f2-e2c2-4e44-b349-387bf96e85af,4
837cf3dd-9eb0-48f7-8a81-399f414bdb11,1
58ad5d64-a3d9-4883-b82c-d1a1b3b2bd1e,12
19da693f-75d4-4b33-8beb-9729766dd814,2
79b738b3-9b87-4b3a-aa56-bc64f658d9b2,1
e0ace90c-0f25-4ac1-86a9-fc0a64c49c96,5
202de192-9316-401c-828c-65ef9d050507,1
e0f2a6e5-5b5a-458d-9cd2-4aa8f9907fba,1
b140d176-f4ec-4012-a8ec-0716e50655e8,1
6a374dbf-d82c-4dfb-8815-bc55a554152f,1
b5a8213d-b76e-432e-b6f3-5b2c42834531,1
6eefba22-6f97-4d38-968f-8cff826310ad,1
84c1ed9b-8360-455d-8b71-2a77100c7985,1
b73957b0-e23d-4803-8bdd-fdf8d1f0adac,3
be1f1384-4823-421f-affd-477a556ba58a,1
183f0a57-f991-4df6-8683-a205d7a1b7cd,1
21f7f33f-9ac9-4dd8-8097-3df4b28d0c18,6
c0f56f0c-3ecd-445b-bdc3-dfb69e7b039e,1
cd26958c-42a1-4e88-a225-516d3a1009ac,2
474f5799-02b9-4ee5-ac87-2bf689f3af7d,10
4e5c6186-5e1a-46e7-9dd9-99fe1df9a7c7,3
02c1e760-a137-498e-9c62-f1b8ef5356e3,1
da1015d7-0670-4139-b98d-d7759eae4a5b,1
9ef5cdd2-67d4-4816-a07f-cc20178973f0,4
5392bab9-91a5-499c-8c08-34d37fb90ffd,1
ebb9894a-91db-4548-b0ab-fd5a99c15740,2
61709dfb-4b24-419e-b055-d8e85327f407,2
00f955d3-cfa9-4b79-9e07-72239abd0c12,1
7f5ae312-12df-4bc6-94aa-a69b7cd5f6f6,1
c2edd94f-bad7-4fec-9421-69670c08751b,4
edd669ae-5e9b-4198-93bd-56306217fa0d,2
ba31cf0a-4849-41f5-b747-26a866114657,1
905d64ae-b62b-4ccc-ba03-51bcbede0d6d,2
80469e44-29b5-4481-8281-ab3cb66a5b4f,1
5e92f9d5-2e08-4e6b-85e8-ca5fa33acb6f,1
b2feb58a-cf40-4cfe-a450-a1c5a56f2fe9,3
1e210564-c69a-4c00-903f-d3f53dc44424,2
71321a03-4c7a-4ac5-9c92-a464f3a24249,1
d04343e3-9959-4fe4-b37d-19f3019d1a85,1
76b65841-466a-4924-99aa-e1dcece665c0,1
b07150fd-aba7-49bb-9e13-1f6fc01d8cb0,1
e3f3d7c1-107d-4324-a1a6-eda1ee756b77,1
4e7748ca-47c1-4a00-9a54-d8ffb4472043,9
839a58d8-931d-4b85-a5c8-da18309e0292,2
ac768636-de00-4c49-8453-15b61b2d178f,1
68082425-2329-49d4-ba5c-950b73f54619,5
059bb140-dd76-4307-ab37-4deffc1f66e9,2
4bc57626-4a37-4e7c-941f-f247c1ed0b7e,2
2d7f47f3-b1aa-4089-b64b-a67d28e7863c,2
edcd9d4f-9168-4ae2-b407-7abf55dc8c53,2
ce38c433-a57a-46b9-9d5a-9b3e0839fd89,1
6f0c7f94-6142-4fd2-833a-9247ba81b220,1
5ad4732d-3b53-4068-8a53-4235b7409de1,1
59837fc3-dacf-4be7-bb4a-a4a8b2bfd38b,1
cb22070f-8b0a-4435-9284-3b2356b475c4,1
02e3cb67-f3a4-48e6-b342-61a49d2d3809,2
a900118d-f474-4072-b549-f434b0671e89,1
e3557057-c021-44a5-a609-ecbde2ca9d3c,1
6cc7edec-e3ed-4210-bf5c-17713a39d0bb,1
8c0252bc-7d4c-4d40-807b-f5caf9ee7a2f,1
dec89068-0f31-444e-ace6-1ddd761fdfa7,1
63035a6f-476c-46ad-8e9f-fb25487f447a,4
28400272-a8d3-4dd5-a89a-b348f51f10a0,1
90e4ef9d-c176-45bc-bdf6-e296dcdeb673,1
27f7dfc0-ed74-47ad-8d6f-4bb0e0843359,4
bd2a8270-4781-4272-9c72-ce03015bef8c,1
a2403a90-2993-4418-a3c2-ab086fcb3bcd,1
ef0b8e52-43ea-438e-9024-8d04ecc9588b,1
1d387963-ccd8-40d5-a2bb-7c070d74f289,3
51533d2e-eaf5-4f55-854a-ad1b6507b49a,1
fbaf134d-3178-46dc-bd09-8ba4647faf02,1
ce7050b1-afee-4068-abfd-ec83356da243,1
86b7229c-d1f8-42df-9fda-3c01dac0d95a,3
54a25661-d5e6-4e94-9f1e-6ec5db849885,1
92106abf-c6f5-427f-bf6f-da2df0dd6f48,1
3dc627d9-25b1-4499-b898-167d88520211,2
d2a0b32c-6fe1-42b8-a031-1adada3d575d,1
f31e8094-69ca-4261-b95d-ee0c331e2d7d,1
22934b13-3b65-48ed-aadb-863b417272d7,1
d90680be-7271-4d22-b334-aa1fac138251,5
61b98df4-f5b0-48b4-be58-84dead353901,1
798fedf3-3ac8-4079-a246-d004a9507813,1
61f5496a-2530-40b1-b2b3-a42aced2cd79,4
e13ea385-86bf-4a3e-b288-e0378fa453b7,3
943d9217-32b9-47de-92a6-40fda573050d,1
4c7883c3-3b30-45df-b57c-d6906814765d,1
dea8168e-be9d-4c61-bb72-81e617036788,2
ba25efc5-14a4-4fc2-8e7b-558582d5f3cb,2
1e71031d-43d7-47c5-80d2-ae57e6a9b892,1
5822c764-8bb3-47a1-a7cc-f9eda5976336,3
2b3029bc-0e73-4460-8d22-35cec03273a7,2
d36fc91f-185e-47dc-9b01-13db2132217e,1
cd33784e-7da7-445f-9e59-ae6b6005454c,3
2f6ac666-afd0-4518-9b04-78d752095321,1
0db2b5b9-48f7-4890-a4fa-4a0967b05a94,1
f085bb3e-5776-4a8d-a3fe-8ffab276ecd5,3
293e54e6-2a79-47de-ae19-0f951666f3fb,1
f76397a7-447d-4e55-91f1-942a8b287cea,1
74842615-6ce3-4ac3-9e14-ef7730873cf3,3
8d98c424-225b-4cb0-8045-a90658b745d2,1
0c6907e1-db71-49b9-bfc3-3fa06ab8e884,1
36d9ece3-1261-4465-bbf1-7d2de4418da5,1
0e495329-6914-480f-87a1-dc86fbf53e67,4
d87eda15-49b3-4046-b645-83f659d454aa,4
01492f46-9b09-44f1-ae86-62b2a0f2b491,2
13fd4e73-970a-4c15-a109-143f33f6fd25,2
23f2b2ed-e572-490d-90cb-e0cad2f79f2f,1
0d20b72e-f2cc-4e18-bbbf-be847cd07701,1
67b6c29d-e117-44f6-a853-2031ecb0da17,2
77e95c31-6ca2-463c-8782-e5908681e7b8,1
e7c075be-2353-4548-819a-076f19006c05,5
cfa2570e-1187-47c7-9135-853364bde758,1
d415c95c-a8a8-4f68-aec6-ab721131769c,6
eea7c198-e700-4ba2-bf2a-9768c71f29f0,2
a8b2397b-a576-40e4-a134-c83647150b5c,1
0e92e73b-7e7e-4ff2-befc-f58590f0e78c,2
4f17d313-b486-413d-9051-2de87263f5bf,2
a1943e20-6be9-4b36-ab85-cd09114cc391,6
4dc925e4-8e6f-4e6f-8675-f8fee7bbbcee,1
f4430d34-e144-419c-bf12-a20d3628fa80,1
d81060b0-dbc9-43b6-a005-a858575ea139,3
f7638b3b-b939-4a8f-a74e-a75e3200b3ce,1
d67293f0-187d-48af-b4e5-e4a688abb17c,2
2b6da736-12a3-431f-b987-b60e6426e2cf,2
65a2b4a9-15f7-4f30-86d9-3c9e017a1882,1
2500c931-f9ef-43fa-88be-46b283785a78,1
ded21b03-c808-4fa0-9957-4bb4770ac17d,1
aba3432b-7123-4178-b461-fbe2589dab28,3
1faef02e-7b2f-4eef-8d1a-7eafd12841cd,1
2f6ebeb0-ee35-4fc3-be32-03082d331b2a,4
785c0ee6-9565-414c-9e5f-94a3e1bf9869,2
95582f5b-eaa9-4d76-8066-4988bdda5bfe,2
3a33ff29-bc99-4a5a-86c2-36eb5fc3b596,3
ca6d1c5b-4b25-4dfc-9b17-14b458b67da2,1
aa5a09d9-6e2a-4411-b4d8-008bcd2aa9d6,2
74073ba1-df7e-4700-a3d8-7431e80ed260,2
1fb62af8-7575-4176-9f38-7cefc9caaa37,1
d57c1db8-9fdb-444d-9964-55ddb0cdc3b6,1
12224768-b49a-4f16-866e-4f5a0058eba2,1
b1c044e4-26d2-42b4-8a48-f0338370b4b8,3
74633bdd-773e-468e-b2b7-9da7abe9c859,1
e3e79180-641b-4999-ac10-c45f2339e041,7
f7396185-4deb-441f-9617-2f382460880d,1
92fe90df-c690-43f3-b5ef-85a4c45aaf2e,1
c0ff3630-00bd-4515-8bbe-cc1173804857,1
3efab1ae-b606-4362-9534-9ae5a999da56,3
efc58787-ac11-44d6-99d4-c11f01257cf4,1
70b96743-a414-4ba4-86e8-1e4019ca392a,1
1bdbaad8-35bd-4269-87ad-dd45f60ff39f,2
973ec9dd-d8f8-4bf6-bf6e-c94e7b355af4,2
f321e529-97d3-4d63-882a-9498287ecc39,2
409720ae-f1d2-4e85-a5b0-63d9452d624d,2
52b5ea49-a042-4d3c-8b94-e03c35e55a61,2
53a8f614-1145-4530-83d6-a1906865793e,2
d0436f2d-e4e3-40b0-89d0-5dd0ae0f095d,3
7a7b74a1-3327-4247-94cb-375b0795e987,2
aa97fde8-d13f-4c24-b9b5-2bd807a3aa5d,3
d2855b28-fd12-4dfd-b231-475cf6732f23,1
d5301e1c-3c4a-413b-8257-7ea9ef283bbb,1
7a9d3644-77a0-43be-8b8b-88503b627178,1
d88829e8-5148-45aa-a32a-7e0145d1e5eb,2
c0e30e03-1bd6-457a-a453-4b1e1801bccf,1
7e37a7d3-5b10-48b8-afab-ac8f1bc6969e,3
0e44626e-9449-4674-85c3-921789e72429,4
68d3f7f4-3041-4180-9002-d6e2e0b5ba60,2
bb52cf98-b1bc-41d5-97f1-cc0ed8b36d37,1
d93e41e3-e6ed-4826-b29d-da90f90fb79d,1
9ce5502c-4174-464a-b30c-4f8eb3fdb157,1
b4dee56e-5fb8-4ed3-9b53-d4c651ffde60,1
a2d9cad3-5bb7-40ae-97f0-f296dfa24a90,1
b4619850-8fe8-4999-bc80-ae163b325c06,2
beaa5743-95e6-404a-97cc-4c2365dd8d97,1
1a421902-c9c1-4a92-b707-67b45fae5657,1
2d58b9bb-5bce-4636-af9d-af3b159d483d,1
fb5097e9-2d60-4009-8288-95b3f94ac029,1
3bb84ecb-ecbf-491b-9f47-d8e1b260922b,1
7c06c448-98a1-4c1b-86d3-9856bd6afb62,1
56bca9c1-d1fb-452a-8c92-045447c36cbd,2
9287e57a-a987-44ce-98e0-6e997a43df37,4
f7cc4903-0b91-478e-a103-a679cbc56de4,1
864e9d12-89c5-499c-9836-a14fec5f97a0,3
c2246f1a-d929-4db8-9521-31f7e6ce9b4a,2
d43f0256-cc33-4d3c-b55d-c298fc21ca08,2
c04b873e-f98a-45a3-9107-a7855425c4fd,1
cd816cee-a726-4328-8e4d-90d8d6a02981,1
6f68e606-d0c2-47e2-9af0-28601ea79382,1
4aa9d150-4a76-4a66-8ad7-4583d212ef51,1
43b6584c-56dd-461e-8b87-67d78793f7e1,1
98319f78-6614-48e8-ab8e-09c8765e7332,1
d0346c44-42d4-408d-8f44-3d72133146f5,1
cc644f4d-892a-4df4-9dac-fb7954dc32a9,2
30853a35-e9c9-4fed-b78c-d293a1906001,1
a26ea3d4-5827-4664-988d-396da84f0ecf,4
ba264b70-760c-4d54-908c-f856be08f4ea,1
02ea9e09-7ec3-4c2b-9b78-e25491e74ab4,1
884c9dbb-4246-4050-baec-3dab5146ceed,1
a0c14096-6f3f-44e2-a89e-5e4bdbf62229,1
cad4b316-ea10-4686-8bcf-77c9e4f4e6dd,1
b7dab0f8-807f-47cf-abb2-1b89d2f9e977,1
96b75456-5cb5-4d81-961f-800840efe795,1
5675ec6b-7e51-4919-b845-3007888aba7d,1
a4c1488d-e9b5-4a38-86eb-050b3604d997,3
d1d31a63-8fbc-49b8-9882-4a56c2dea509,1
cc261053-6190-4729-bb0d-1d196465c450,2
201fa976-5a69-4a09-8417-7e19232b6b22,1
923c7304-3ad1-488e-b164-a023883d1b6d,1
89860a8d-0dff-462b-872e-b7e36d08f278,1
fcd0ad27-2abc-49d9-9596-6c31f8988feb,3
00e8c371-8003-4ee9-8a72-61266413bb69,1
b0a8b0bc-26ab-4e21-bea7-7a185e54b9df,2
9c37b9af-1bcf-4447-b4e3-8bc8fb177f38,1
6229c51b-41cf-4a21-8219-f387f5632316,3
6f73686b-36bd-49ae-8760-6d55d2c1d298,4
a2a71831-e6fc-47a2-8235-764f42177556,1
c9bc3e4d-02d6-4a04-9238-68b1b11fe763,1
41c2ad92-d00f-41dc-80c8-9e489fabe5f1,1
eb5cd353-e041-4399-8dd3-c417de5a6ded,1
12e33439-6603-47d8-8207-930608d8bb75,1
c2453020-fb89-4296-830b-0ad89505f0a0,1
dfdfeaeb-cae1-4470-b646-3cb42d83b974,1
6b74be29-f230-4641-8b26-696c0bc40527,1
2e44d327-f897-45cf-8a26-1874800f4615,1
69115ef5-2966-4e7d-a55e-29dbb5e1c7b8,1
513a7d2d-e042-49a5-9e0b-1da9a8c5f4e6,4
144c6a68-4216-423c-be9f-fcecee1b7ce2,7
034d6439-fbcd-4a65-b898-df3272265512,1
ab5deccb-99a3-4189-97a7-9ba202061885,4
20cb6c36-289d-42b7-b730-50f785b96de6,2
3281c123-ccf4-4012-9270-acd86333c7de,1
28e7ad8c-32b3-490e-9201-50291ba318a3,1
e967c7d6-0de6-4e34-8434-3921630187d1,1
971188ef-9eec-4f3a-bba7-d81e308ab90b,1
f5f73fa8-5ab5-4ce4-ba85-0bdb11150bf6,1
2646993a-3044-4c81-9c5d-7dc5004226fc,1
ca8bf0a5-92e9-4dc1-80ca-8fad29eab990,1
d8c09d8c-3c90-4bee-a14a-23a7b1e39150,1
7d28ab45-f690-4a61-9735-cd80850fc087,1
afc8b295-961d-4b84-9d74-159ac9f544aa,1
a94cd27a-dc49-4667-8ac5-5e9d4bb5eff3,2
b8a84bc1-ff4e-4bc3-908b-138bc3394e3c,1
8e6e8dd6-4839-4199-9cf5-ad56a4475902,6
73591b14-6444-4aed-841c-a6c718b34358,1
de77708d-9f38-4a87-9aa9-fbcbc6902e01,2
e725c60b-ca73-41b7-b51d-bfb8d3f746f7,1
c6f0441b-1739-44c4-ba7d-98d19db9d2ec,1
52bee980-29ef-4344-8085-da218b39384f,4
d7739698-5bb5-4a63-bba9-ccadde9d42dc,1
78e6648c-b1cf-4bef-9766-921e235e157d,4
a30fe4b3-665e-4176-bf09-0c4968630fcf,2
28dc5213-fea6-455d-8579-3f5bdf425ac4,1
760c55a0-135d-462d-8775-91f0e030bc1a,22
ea7bffa8-6e23-44ce-acd8-297ae9472539,1
a375d65c-da41-4f4b-a4a3-3b3d1306e622,1
c9fa3be2-b5b9-415e-a230-8a490676bc5d,2
1949fca6-1c0b-4065-bddf-69e04d7ca974,4
ede89864-603f-403e-8bf2-5861ede328dc,1
9c633b26-6e15-41f9-8392-104382d1d36b,2
916a242e-7639-45da-85af-e0d57759815c,1
618e602a-1fe1-4b37-920b-83352952990e,1
7526a80b-2479-4098-9710-192a59ef8df2,1
91ec6356-bbf0-4e08-b756-dd499fdd8d20,1
09217062-aece-4fb1-88fc-a0f104c1ff58,4
dd42efa3-edcc-41d0-b58d-cc4186a7d0a9,1
39737588-25cc-42bd-88f0-0e5685673092,1
db1e0b90-91a9-4e09-89bd-ac704e3665af,1
61c4d262-9b58-4d8a-827e-c8d28498fa28,8
2b1c3a3f-a1d2-4aa7-b7ac-53c43ff64564,1
28852cf7-575c-499d-8e1f-c350206de938,2
ceaa493e-9f92-4174-af5a-378fada94e24,1
f6741c52-eb8b-4465-8280-4becbd790c80,1
e44e4637-aa00-4d2e-b6fd-5a2bb858c1ea,1
3a146bf8-c0e5-47e0-a47f-354bf8dee538,2
f50dfe63-f570-4dd9-a03a-98f8d4cf3dd5,1
af6a0994-ad78-414a-a162-c9a920453aab,1
1296cbce-5cde-4403-9ab2-756b96c72142,2
45cbb1d0-27d9-43ac-af3a-3fad4975edec,1
49d3c228-c83f-42af-a58f-f7e6566272ff,2
b1e2dba1-5f9b-422b-b47b-06e001492a8a,1
54b9de28-2b94-4020-9236-818eea0abfd5,1
07cb03ff-da3b-4fd3-86f0-259a695a7572,1
e7aa9caa-c431-4c1a-96de-7ee48fdd3ffc,1
077d723d-8d89-4db4-a88b-18efdad6bb23,2
239a9d6c-7602-4970-87cd-6658185f857c,8
841996bc-d62d-409a-91ed-6b5f2e6600f6,1
d6be1e23-5c65-41c3-87cf-dbfec4aa3e4f,2
cbd4c4d4-5493-4722-9308-3fe0c410f07d,1
4b4fa83e-6412-4743-93fc-f4f3c02702e2,2
3630caa8-48d8-4287-8844-ef44194e8ec5,4
2f987a8d-f018-47d9-a1cb-a01f948be1c3,1
5a42cb61-6ad5-41b4-8a1c-0f2c1d1d7ca7,1
b499cbef-4902-4540-894d-30687d212bc0,1
102a8eb6-3cc6-4c37-899b-83b981e50523,1
bc640f73-b3b4-4de4-b41b-8fe51543967c,2
2022ae93-2a48-4cb0-b2ea-1addc05c062d,1
a3b024e2-97a5-4c7a-bd1a-98912f0454d3,1
396edbc6-b690-43f6-b1a9-a27ccf340851,1
d1304506-a28c-465d-84ba-7c9ef7ba685d,1
74e0bb35-0c69-4692-bae9-9156233bb51a,2
b76879e1-462f-4614-83ca-75e51c096c78,1
dc404b09-2696-4945-ad65-7174f77fe329,1
8c630e0b-916e-4a7a-b58c-0025af1a1555,1
e4a8b46b-4ea5-4bd1-89b1-e4d83fc1ad6d,1
e56e53e9-51f4-4a75-83f6-6d38f5f37585,1
5a02241d-2013-4096-915d-3ffb02a3665c,1
c58acec4-590e-4f2d-a343-350944de3e5d,1
4ae98fe9-34d7-4d40-a7d4-975fe8b888a6,1
4cdcfc87-7f4a-4cf3-bb37-1c3990f9a9e9,1
cf8c6cc0-275e-4dea-97c6-fffc12332778,1
1d0fefff-44f3-4501-b65f-60d84ef7514b,1
e96ad081-52c8-4711-9187-1d393d141af3,2
7c60012b-73f1-45b3-8b6a-2939b752421e,1
ac0dc159-764d-47ec-b958-79f8223c4ccf,1
d09aa672-1e17-413e-a056-3b45cca7d8ff,1
5732f612-e00b-4e73-b3e2-5b983f1f5708,1
ce8d6df8-07bc-48df-b81b-5a0c4559101d,2
83ffbc2d-eed1-4d19-95b0-d756f73f0014,2
a24692c3-778e-4aa9-af6c-217fffb941e9,1
6f646096-10ae-4ed0-b0a9-754bde5ac9b3,1
15e75f11-aae9-462d-979c-281a738a3410,1
8c12cea5-28c1-436d-9027-af0781726064,1
9e842112-f940-4b91-8fee-45ec414a4510,1
610127a3-7120-47dc-8abf-7cd9f90f40c4,1
28a8e4e5-1956-4ff2-9c08-897d97706a68,4
cbf062fc-3889-4ea8-9224-414332e39806,1
e7154635-7c16-4ec7-bcf8-863ffc6f3338,1
6f5a45d0-4ee3-4cdb-b1e3-9906571047c6,2
1d6e7ae2-a19c-479c-8b8f-2f81313c7842,1
dc5ca3cf-2dca-436b-a661-f48c8204f39b,1
df3611d9-8641-4546-9cf9-40878064c572,9
03729448-0706-446d-8f2b-f3f389b662ea,1
af7aca07-6cd7-4470-bfb6-536eab311d1e,4
1075bca3-a996-4dea-a75c-9ddaabe3c9af,2
0530c79a-5031-4f6c-bab8-bfc90babf4d2,1
45dbb5fa-1762-4413-b9e8-186c87781abb,1
7a1d9c73-35c1-4751-aaf8-83c3c394f9ae,4
05bb4acd-482b-4ffe-84b5-e05bed7f6cd5,1
0c2ae974-3ab0-4040-a34f-cacbc8fc31b6,1
713c1001-0122-4223-b174-f416efc4ea00,1
34bde8b9-09d8-446a-bbc9-97525fee9b89,1
343c1b39-2357-4496-a4ac-e36652641d43,1
63b87da1-5075-4739-9e8a-b6b0deedaa2a,1
39e2cfe0-55ae-44c2-a505-4b5d4bc1c2c9,1
8357dcb6-2e69-4299-82bc-d1c183a37a1c,1
1f6330fb-5370-40e4-b038-ba4ace469cd0,1
fb4270be-f363-469c-aac5-d937c5cfda5b,2
26bae1e5-1c89-456c-82ae-029d626257cd,2
e681ebb1-b5f0-4cec-ae5b-be1680957acf,1
f041ffe8-1709-4795-a2b4-23901ed576ec,1
f9efc327-5e42-48bc-98ba-9a2b7e81e62c,1
851b5223-37fb-4b23-8274-a6442a953113,1
45ad44e3-0c5e-4837-8c5e-a06874677929,2
025e1675-d1cb-42c3-bc7c-422a2ada1f1b,1
f665b6fc-8420-4e8c-a988-4033f0d085f2,1
c1d454d2-3b2a-41b5-8737-37c75980182f,2
7f551702-8563-42bd-b777-b14842371747,1
da13947f-16a4-403c-9cd2-9a50df61a5b4,2
609dbc62-a476-4ac8-a8a4-d5c464288fbd,4
f59b0a0d-65c9-4413-918c-5c97a030c20e,1
ca0d4215-8c15-46b3-9898-6bb7f3a50cae,1
2d13da83-cc9b-49a7-a0af-8b6f9c7a7d12,1
4668a8c2-566b-40d5-adcc-b7c9076df908,1
432ccc84-0359-453e-971c-5284e35b7789,1
c8af4f35-2e2a-4b2b-b796-4dcc1cba35c5,1
e8bf0686-1028-4646-9aa9-4997e4bc4475,1
6d660129-ea88-4cba-8fbf-81c1992a184b,1
1306b3f8-8875-4aef-a8c6-ffd6c695049a,6
c4ae9056-3ee2-4ef2-ab98-562bc695b4c9,2
82fbb11b-630a-4932-924c-b09ed732b385,1
37e0b96d-dd3b-47ad-a3b3-f58e82b9426b,1
71ab37e8-0c4a-48e4-8d14-489206395ca0,1
db6818c9-eac2-4fe6-9bbe-6834c7aa2e30,1
acbf8d8b-5fff-47de-8ec8-c4ad75c9e7f4,1
468386c2-5d69-4d42-8055-a4ecb5882337,3
b76dff2c-8892-435e-aca5-65fac46060af,2
b43142d1-6213-4e14-b5c0-9891a1d72657,1
19adfce1-26f0-4704-8a0d-744b8e8fc881,1
66bad09c-3e87-4e3b-ad5c-6b285c8af89c,1
2e75444a-84cd-4a8f-acc3-22063bbd5a78,1
12462493-0ca8-4552-9ea0-1278c7b952f8,1
e3136b52-e28d-4e0b-ab7f-50833204c630,1
8f7c1f4c-9997-4c95-89b4-8a6aed9bee5b,1
b931e1ff-9809-4eee-a363-028aa43e502a,1
40f2039b-b13b-423f-86a9-b6d49fa7996a,5
23fae494-7100-4b76-abf1-9b6dd513ca57,3
f2f9c756-b5bc-40d0-9633-b10253d89f67,1
f7cf631d-575e-4ad2-9a39-2f44ab555757,1
1809d62b-f8d4-4f1c-b16b-030e9e61e04f,3
b61de6a1-94d1-4560-9294-b52cb4308429,3
ba264b70-760c-4d54-908c-f856be08f4ea,3
13695676-0f34-4543-ab23-a720378a22fa,1
8a039e29-a823-4620-805c-0273449d4d80,1
794703fb-9c40-48bf-83c6-88ea9cc83921,2
d0214e7a-326c-45f9-9150-1223d26c445d,1
b8c3650e-2b82-4cef-b057-78fab44771bc,1
b071d081-1b93-496c-a43e-65581bf21381,1
699324ab-4367-4ec7-a46f-48f08fcf4fdf,1
5c8b4c5d-408f-4c35-9367-0281afc331d2,1
be571920-2f26-4c55-92b8-46810a8459cb,1
29e0aa8d-479d-41f6-a317-a2dd39e0f2f2,2
313ddf60-ed4a-457e-a664-4bec0574fa04,2
84ffd4b9-d363-4b70-997c-6e2d1656d11b,1
5329808f-3116-4ff6-b6b2-cda3ac42ce95,2
783e55c7-26fc-4297-a327-9efbe5f4136d,1
573eb358-7bc0-4e2d-910f-89ca838f3c41,1
b17c10bf-4a05-4397-88ab-df01e9df284e,1
f714cd43-f53b-406f-8f06-776d028d5e99,1
c5966dbc-2207-47d6-b7a7-0880dfda0cd2,4
48d7c13b-ebe8-4969-ae2a-356a92571754,1
325c7056-c8e8-4258-8361-6a32757b7069,2
8fa21062-08b9-4551-8dfc-ded34cd37d56,3
50176d9c-8025-46d9-98d3-f715e599465e,1
e2e22e6b-d561-4851-959e-e6c934bc45af,1
c024e1b3-dd24-417d-96db-ed723e4708a3,1
eace6f8f-38fc-4b5d-964b-05d6becd54ff,4
d167b821-4052-4d1c-8bf1-8283708c956d,1
0dde9bb9-0219-47e2-92e6-8e82b325f803,1
5e11e497-b8ab-44a4-9814-f487327de456,1
c6567298-9f85-45f0-9b19-c84f4471cc8f,1
ec839d42-d7c2-4d78-b0f4-d9d8aa9b9731,1
6229382b-f097-4c0d-8488-fcb843ccee2b,1
ffafe669-5218-4db8-b871-5246dd119826,2
1b8fc724-3cac-494f-a557-051e5b4ee29f,2
13856adc-d6e8-4256-96e2-5b9d028d46ba,1
c0b7f844-d209-42a4-94ee-037bfa55cda0,10
8a98e479-68db-4e88-848e-6a19382b7167,1
920f2b59-43df-4499-aa5d-aba7f2c19238,1
941df38d-816a-4f14-8058-cd53444208fc,1
046fbfc2-ccdc-417d-bb82-5d094ff5339c,1
ce126575-2512-4362-b726-29719011f958,2
dc279f85-0b7f-40a6-a04a-8c7290333cc4,1
ab6edf2e-6767-4cf4-b3f0-a11566f3b24e,1
32e576ec-fe0c-48e1-aa07-a3584b5881fd,3
9a080fb0-330f-4ff0-9b17-6597132a349c,5
52a7e3c4-223e-4801-98b9-e02bfee35e7e,1
f9c50bb1-2bdc-4b1b-a5b2-7e0d90e55c98,1
55da9a7e-0a20-4f5b-b4f4-2ee0ef767784,1
44d8fd34-bc30-4acb-bdbc-3806ff21b687,1
1babee82-4b42-4311-a0c7-34a9b1a0ec98,2
02403a41-6eec-4d42-9300-72a65eda32f0,1
9ff80840-9e2d-46b0-b866-5f70c7538ea3,2
6fe50f3d-98d4-4358-985e-8508322b9a26,1
46a4bd3b-ab6e-4a28-9813-b2aa90349623,1
f33d5b01-544c-48ca-ae7b-804799d3fdb1,1
0827524d-a65a-4018-ad53-85233e0e0c08,1
62fc700f-58e1-4310-be3d-b2f11db16d6c,1
34f1394e-1cbc-4035-bc97-f935c4414c59,1
c8fe2cf5-3c6c-4c70-a847-1ae38746f265,1
a09c5c28-0be4-4ef5-8b6f-d992afd8c860,6
72ff7dd8-0849-4b77-bad3-3f140c15732a,1
7a4c3ecb-995d-45fb-9875-caccd1b35423,1
0579d8f6-76c0-45e2-afea-4e9e0508f159,1
0ff07e39-8d44-4c57-b19d-97418a8f7ad7,4
a61a390d-6907-4dfd-b115-7f23663e4feb,1
da9fdb94-1e48-44d6-9d5a-db278280bae5,2
8fe341ac-ac04-4ac7-8f5d-1771e2297988,1
86ee4f81-ac78-447c-9970-5942016e8851,2
36896ea2-fd0a-4973-b0de-5b58862e9e3d,1
7d997ed8-480b-4fb3-a3cb-0225ebb8c068,2
cb5d442c-1f2a-454e-84c2-8f957f7fac68,5
e8ad5928-8697-47de-b595-580f6df58bee,3
b2cee215-6204-4f9c-930d-8eb639b29e1b,1
48619138-f0df-4064-a63f-28d018e56d03,2
1adac325-9c0a-4c17-8a6a-3f319b76f148,3
7c2070af-641f-4ab6-9de6-8ac18ffb1451,7
ec17b3d0-fc43-4125-b83f-78b433b032f9,2
dfaff654-5891-4bbc-b500-711d2006f4ac,5
71a0af06-f19a-4c68-bca3-0fb5fdabb33a,2
a45dbc2e-b498-4c28-863a-291aa912aca0,1
8a57d2cc-c290-415c-a7ef-d1022129c9b1,1
c0fff35e-4a0d-4d84-b2e7-ba8d391bed45,1
c18a536e-c4ac-43b2-b48e-b70e0d023d4b,2
c1de65e4-e1df-4ddf-af74-eabd6dcfe513,1
4f900f88-30a9-42d1-a559-b89573023675,2
72ef1bfc-a830-4d40-8019-f07f770958b6,2
26fab666-4c24-4995-9f65-961d0ad7f0f1,1
97886283-6f0c-4c18-baf3-f4a17c4d1829,4
276a77af-a6c6-478a-816e-e1cfe4c6eb6a,5
fc0ac1a9-ab2d-415e-acc0-7853578863f5,2
74acded7-3443-4014-960d-decd32b54802,1
248f39c6-3215-4e30-b24a-784b4cb719a8,1
5436fa85-0c5c-49ec-bda4-c8860ee5677e,3
9164f479-9832-4c33-843a-43587427746f,1
452222d0-30e5-4d74-a829-b1feab4a6d47,2
a15cc370-b485-494e-8a0f-bf5ee9c89a4a,1
ce129551-f612-44dd-8b10-5d1c2c09231e,1
db5de4fc-2b26-465d-aff7-7b27b30a4749,1
ac6dc963-53bd-4e5e-b9e3-94bd470473cb,1
f8c58ff6-3640-4848-9c0b-0b68c88296d7,5
9172d976-c7d6-405f-9f63-d4e767a9eafa,1
949d418e-d3f7-40f6-9928-689a253811f4,1
608cb6a8-b0e1-4f2a-a040-ab825a7afb94,3
adc6bf23-5b82-4f76-aba6-9f02b4c9ce7c,2
8c801d1b-e379-47bf-a97b-51cbb583cff8,2
f2432ce3-0974-4b0d-9e10-2c43ada2fa0d,1
3cb3df24-abdc-42f8-98ed-23fe5baf2f2c,1
14baa3ef-3ccb-43b1-b36b-a83d7be36329,1
3d4ec6d5-e83d-4b5d-af00-2e5739bd150e,5
7185920a-734e-4c36-8f78-6bc363602f47,1
cb10f020-e2f1-423a-9372-61d1779f6211,2
a4bf207a-293c-4270-8e08-d82d0052bd98,1
bc0c842a-1692-4a8f-bea8-de81608102ad,3
9da7b558-e58a-4b88-b1bf-f99d7834b919,2
5362877a-1570-4db4-8c5c-d026a974d240,1
03c5c996-aadb-4091-975a-fb453c09b8e2,1
76c0bc4e-826f-4f6b-a947-8786412a6f08,4
ca34ca7a-598c-46e2-a629-37e571226d76,1
d6aa6358-f318-4a37-996f-ad1d975eb589,4
aa3d046e-23c9-414b-8778-e860c5437da3,8
5880d533-49a6-4c0d-ae01-b767e6e57515,4
014d356a-788b-4f52-b321-a40e43c4318d,2
15be5ad8-b6bc-448a-ad31-dda458de5eaa,1
da4d59ba-daec-4efa-acca-44843ef85313,1
aa384797-5861-4448-8eba-b2a0db2d74ab,1
2d8e9ceb-3761-480a-beea-6a3f7b309f5a,3
d9b02766-a5c9-4c1f-97b9-fa6b16ba1464,1
2211bd03-deb6-4baa-8273-5a5e308f0946,5
89c27b5a-0b70-4ff2-a69d-71a040d9e2a2,1
41557368-4dc7-43ac-97b3-ada3e8cb9ad3,1
11aa3537-7a2a-4ad4-b599-4a707eaa870a,1
1f5b65f9-9c35-4e97-8b0f-4d2224e9f9c0,3
b2d45acb-0dca-4a7b-9fb2-0b7e9bc0cd39,5
bcdfac1b-43e1-49a2-b70a-1f3e631aabc0,2
aba431a3-e7c0-4021-8d3e-1cc0b19c6067,2
a13f5b05-dbad-4823-968c-db11f9b4a0cd,1
38b0d001-56a3-4870-9fb1-eb5b521c2de7,1
532a9d73-eb3d-45d4-bb03-a295b13f1b7a,1
9914cc4d-f12f-4a20-9e2d-0114309af33c,2
5041c5ad-41d0-4b9b-bd09-9451bc4886a8,4
21fddbff-7f41-43fb-a787-1757d8761f62,1
8598ebd9-8afd-4566-9ee4-13c74ad31eed,2
02b189c2-64cb-4330-b4fd-039cd6de8fb9,3
35ea12d4-2e56-494e-95be-d75f0085fa0b,1
010fba4d-4c9f-457d-a0bc-84d373fc4789,1
5ee059b7-d5ca-4e71-982d-e4be0db10310,2
c5b7c330-4a95-48ba-9a05-21793f2a2863,1
64b1388d-2a33-40b1-819b-e95a0599098a,1
e1c190b7-ca4a-4021-8d04-baafc6e72bbf,1
b4b26187-d085-479d-9c47-d06d111263d0,1
c54dcb8e-ac94-4e1b-aa99-ff07213b3cb3,1
71944384-7e0e-46b3-bddf-0b412370baa9,1
6fafdd95-db53-4e56-a08e-75654e9264ed,2
11c0e9a5-2065-4af7-b397-c6695e94b407,3
a40a6ba6-e755-4786-a7fc-979b67ad3f60,1
e9c4e90f-06d5-4569-8523-be36e5bb19fd,1
231dd00b-d1ba-44e9-9c6a-849e622dc120,1
32ad9435-51f0-463f-9a2a-a4a30ae46578,2
316bee38-e44c-431d-b0c0-66130bb15abc,1
e825226b-7b43-4a8d-822f-ce28f2d38f79,1
a72e212f-c807-439e-b70c-1c5ae047a637,1
732fcaca-87b7-4b1d-9644-d3b73b480fa6,2
2153e7fd-d4fb-4dda-ba4c-6339057785c0,2
73a2890f-eda5-48e5-bee5-b4300e551eba,1
5d662406-033c-469c-8a92-68a09dd3a819,3
425dcfa5-e567-4359-a2d4-5e965ee5a6aa,1
e59e03e2-f25b-4ed2-8f57-d79e0b908bd9,1
bc10623c-440e-44b0-a8a3-ccf867b7ef9f,1
a7ff4e63-89f9-4b18-8ff9-9cd5a7480693,2
3fa83d5e-e65d-4bc8-9f3e-cc95380a4a24,1
4db04438-9801-47f7-a1e1-77d3371fb15b,2
60b99ebc-1697-4a9a-bf95-fe2a224a76e6,3
9b6c816f-3cf1-461b-9b48-12063307281d,1
9495e09b-9cf3-4861-b260-0975df147bc3,2
75352f90-b2bf-40f5-a80f-bdd5151601bb,1
e7b63b7b-10dc-4a51-ba14-0f19fe5da32c,6
7888e174-9792-47c6-9824-d55c35822633,3
6699d2ce-ddba-4b94-a3a6-bdc9da4dc8b6,3
efd05976-08e6-4db5-b36a-aacd9f2da274,1
d3a73b4c-9873-4d27-976e-021ca48846e9,1
cf985987-1859-4fb7-ba21-65ee8b8d17fb,1
4685eee7-e9df-47c4-b459-85b8d44fbe61,4
f9f86c63-2466-4465-9374-de7945490d88,1
e3bea31c-74c0-4f80-b84c-d56284c489da,1
5dd41060-b5fe-498e-8bbe-70182f8333dc,1
c33cb022-3960-43ab-b7c4-a527c61f1c73,1
7b89db07-9bfb-4265-b5c9-18ac253bc5b6,3
9053d497-e54f-44d0-8754-046029878f0e,1
dbb3ac9e-ff57-451d-b7b9-3cc90c4050f2,1
57a4755e-1fb2-42e0-88d2-616fbed8602a,1
91de5b5a-2e8d-45c6-b7b7-86af9cf90ad4,3
57206414-40e2-4c54-b4f8-2e6d7bc7c177,1
b0274200-3b43-45e1-a635-f173e0a3f59b,5
f27ad764-10f5-4480-8a7f-d88dea8cc52d,2
b2943d77-e5b8-4f3e-bbfb-cdad07a628b6,1
d1182bd9-29bf-4d51-a45d-9c315c23deed,2
2f06bbcc-6545-492c-8265-ae426f07da4b,2
b24252ef-703f-456a-8712-f39b0312b247,1
ec5ba987-04f0-4377-a4bb-d6f1c687656b,2
6e6e5899-a449-4fdd-9c65-fddfcc1f711a,2
13df6ce1-b3bc-4697-8b35-b61b4898b2f5,1
3c6e4649-1594-4d37-b8af-de2b27bca84d,1
1c67d3b0-8e79-46d0-af3b-3269da0cc284,3
bdddc7e1-7384-4f95-8142-144263fbd6dc,1
ad78ff5f-8b9c-4081-aedf-54bfcd4a5b4f,2
6a727d4c-e7cb-4138-b166-0ce41f1f791c,1
33509b1b-1d4d-4c45-a9f8-efa33d5ba6ad,1
ab6e1f08-b1ee-4a32-a5af-086b55e4b50e,1
8d3171a6-458a-44e8-b17e-b2e5640634a3,1
bd62b3d5-baa4-4b0a-8b6c-1b5ece09be9c,2
613d384c-9724-457d-a590-e12c716cc0a4,1
5b39d32e-7f49-425c-974b-2070f0e0873d,2
d85f5355-bffc-42d8-af8d-6ebe79cae55d,1
77b54a93-9088-4793-b100-697b0fc6e426,1
8fbe0fd1-7855-4bc4-b87b-fda2a348c923,3
2acbf10d-8767-4f31-b783-1eea16a7adc5,2
506cb0fe-4f3a-40d2-8086-f6e10b9d373b,2
304e5b76-3d41-4c2a-9cb6-bdb739c6a45e,1
89388fac-9626-4c79-a6cb-b1c23591f2f7,1
9d902eb9-19c0-446f-9a71-c62467fd5e36,4
ee8d496d-c1f5-4e9e-9de1-f233e11c2b98,1
048cb2b3-2235-4e28-a673-d492e3f6293c,1
7ac0be18-5637-479a-be19-470ec55f9f35,1
5f5db2c6-3005-422c-8932-1e15d355671b,1
f580eb15-84ad-45ad-81a8-a2648b2d38c9,3
ddce3eba-34de-4a86-bedb-293b201657ca,1
db104e3c-6852-40f9-be71-66242e66c1b2,2
79733e05-490d-4837-baf1-b5b1f64f74b7,1
81815ba1-641e-458d-a569-132a8f43b4b5,7
10c9bc6b-3cd5-4556-aa9b-29a20d38067c,4
b42f10a5-a62b-40e9-b88e-5328c2a3b140,1
dafd4bee-80a2-4cb3-a9ec-0f7692688e80,1
787b21d8-4194-4784-ac2c-43208aa08422,1
2a73d5d0-0807-4def-a6ed-b25d75ea9d25,1
7fcc624d-b676-4fd2-b637-0c80b7c6af00,2
e7260c6a-f8f7-483a-92e1-b03c0282c690,3
1f4c58fa-e5a6-4c36-a853-ec60a28e9ebd,13
8e13fcf6-87e5-4aa8-a857-b49c6541f08b,3
1845df87-86ca-4cb7-ab0e-ca16050cc2b2,1
3fc71b8d-8aea-4e1a-bc0c-927a433eccd3,2
f364fe37-c721-4885-b450-b9f0a71174d5,2
88e41c9e-5e35-4ace-a7db-7306e6ee8bca,3
8fd33f54-1c50-4b74-a01e-ddf0ffaeb6ab,1
49203882-0542-4bda-98c2-983fabbd3e9c,4
0d1ee5b6-37c1-4b70-ac1c-6215e835814c,1
94e1b9ff-4632-4ef8-b7c3-78834ca3c25d,3
950c3f2a-f908-4884-96ed-714e4ab000d6,3
7447a20f-de92-4e56-abc4-0180f441475d,10
95135ed0-3fd8-4856-addb-9f4e01bf80df,3
4c873693-b615-4303-b0ef-1902e33c737c,2
08843dbf-6238-401e-a26b-0dbc50c84142,1
404a6cd3-f852-4d53-943d-13c71020d939,1
693f4726-645a-41e9-9375-edd66af4da87,1
d32ae023-989a-473a-a604-96107ac4ae99,2
9c2f887f-ed63-4959-857e-49c024f4eb4e,2
9b84f19d-a3c0-4fa5-8601-676c2a5ec897,1
7b9154c3-6b26-4268-a007-6c65d8d1a863,1
b34f3000-715a-46de-959c-3ab28b479914,2
a7142d78-2057-45d8-abc4-da3370254c27,1
9dd4b17c-30af-4761-93a1-b378d7409583,1
d387a32c-84ba-4f2d-a853-4302e9606661,1
d020b710-e91a-4f65-88f3-5c68b9755550,2
8284a464-c87c-44f3-aae5-d8382e66461c,3
8a36a01c-a6fe-4bb8-8f3c-e7b45eb6d8f9,1
b75a75c2-4247-4d4b-88cd-c59d8a9ed247,1
97fdde82-3dae-4ad4-9860-7a5d51c2a407,3
7769707e-0706-42c0-981e-70f892c42da8,1
2444241f-1566-4751-a84e-9f39a6187585,1
3b97f00e-8e61-42ea-8302-b4042bde7f04,1
7a9e1ad9-d35b-437a-8ea5-26a0fe57ebfb,2
8afffadc-5b86-4282-a1c1-ca0749d37053,4
1cb329f9-3de7-4346-b7ac-6d800b3cc640,1
cddbc689-9a1e-4f49-8e79-9529efcda031,4
c8e9010a-e1b5-4420-8369-b4218391d9e8,1
efdd90d1-5304-41e2-b7ae-6888615384ae,2
f543d5a7-08b5-4d5a-8f9f-032dcfa763e0,1
81573a55-9400-4a26-adff-8a1ea843d37b,1
89941db6-65f3-46da-a075-952f683385cb,2
dbab9ac6-f4b8-4bae-94f1-e94f2e54e2d1,4
36a15254-553d-4dce-821f-620fddc0242a,2
a09cf13d-f533-48e7-8b38-835ebf156e0a,1
4ff16a76-e081-4f5f-aa7f-1fe99103e3bd,1
1082b699-8209-436d-85c0-d6c18f6665a7,1
6c111073-8d4a-4f0e-afe4-c9824a4b1da4,1
79bec028-9ef5-4136-870e-5a926acea763,2
5d2a28da-f53b-4cb4-822f-53d1bfdbbfe3,2
f1a77f29-8f3d-4675-ab99-404d52a5b7f2,2
7a1a4501-ff3a-4174-a56a-5ff4acc7cb6e,1
40ea30b4-cef5-49da-bf96-f590298f3833,2
e74e4287-edc3-4cdf-bf55-fdfe43157e66,1
95bdc36d-2136-48ac-9e61-672fea2904d3,1
33157bec-3265-480d-9a26-34ce37670eb3,2
4cb71836-ee3f-4613-82da-f19596aab340,1
87268d1e-ee18-411e-b53c-22cde3c3a213,4
8f0b3000-ed19-4bd3-ac29-db1ace176a6c,2
040f1744-7229-4d0c-9c1c-d511ce0ce898,1
60f84fd9-660c-43e4-9c15-e2f032937cf0,1
bf0d3706-8ee8-48a5-bb60-ed17bd990694,1
a476bc2b-23be-4d12-ad60-515e001649a4,3
4869640b-12b2-4dfc-b5d9-5a1117ea057d,3
c1cdaba0-4115-4056-a14a-0cc37aae9a07,4
aa32a17f-271b-402b-8311-f5afa8226ab8,5
4539c435-6825-49bf-ba58-cff638538ba3,1
5be8ff4c-c4f5-4a08-b66b-749598f907b1,1
57bc01a7-c7c3-4e97-8b14-23a53dc0987e,2
0c30fab8-96dc-4536-bf02-b459e3dcc832,1
987e924b-d52c-4ad6-a308-87d6887f839e,4
d5ddc342-bb26-4700-ac82-b87d582bad57,2
6fcd160b-26e8-411e-aebd-840e205afc6a,1
d6bebb33-b6b4-48ea-8d67-60664c39a6f1,1
a69e1870-041c-488f-929d-0dba3781e5f3,1
750c6394-a083-432c-9c92-54264d36139b,1
ccd5fcb9-0a6f-4e7f-bce1-64e8521b2762,2
caf24429-8b1f-4a8e-b003-089dd387df5d,2
aa2edac1-8466-41e3-8555-00979ac698a6,2
8e850ba6-8cde-4f8c-aabc-ffbf15843d87,1
609fde16-b05d-4812-91ad-9c4d98b15b43,1
384ac395-ca2f-4306-952c-b3df0c80fd33,3
f52d0087-6c49-4b42-8a0a-e01428898baf,1
37c119e7-e275-4e2d-bc9f-efc0fd179a3a,2
30454b6a-b9ee-475b-b77d-656e56b9fcbe,1
f7bb46d4-8a5e-4dfe-8bdb-72d827ac2a96,6
a0dcdcee-3e4a-4ad2-b585-38cd1c7638f4,2
1b82a889-f367-4c6b-9313-a3d228b2a777,1
99d432cb-b497-414e-b7ea-a36b700eba13,2
7d08026f-1005-4f24-b937-57be2898eca0,3
6b0f9474-4173-408a-bf16-220b321929ed,1
0218170d-d913-4f99-abb3-960600641ce5,4
896f1d4f-72cd-4cb7-97e3-fddece45ef5b,1
dc96550c-d2bb-490f-a812-b7896407083a,1
54bffd8f-57d9-47bd-b1a6-5a2c272ae0fe,1
802b8030-21c7-4cc6-ae5a-9be7d9cdf919,1
8e10bd63-0ce7-446a-ae68-79296b5c215f,5
8d720465-a983-4890-8787-5be7ba570c21,3
88099b6f-118a-42ff-8b2f-5d649fb08144,1
a84e6877-f83d-4095-bc53-b4b53c47eb9f,1
08c95f02-cac3-4af9-946b-a9300448b486,2
5d7b9713-abf9-4bd1-930b-72c60660ab0c,1
92ee572d-807a-4011-922b-a0242f010910,1
7fcc37d4-ae2f-48b0-b69a-aed7574ee3c9,1
6ad4571b-8e41-4d5a-b88b-fddc394c3269,2
a944884f-90b6-4726-989b-7bdd7f331532,2
3d45bfe4-3b39-48c0-9d05-df377e8e17f7,1
b0d322a3-3fe9-4321-b479-af020dcef7a0,1
d933775f-c584-4945-9ad8-72870af4eecb,4
3e6eb468-b192-4fcc-a6b3-03cf48903007,2
db0a7e3a-faf0-43ef-883f-f1addc47d31c,2
fa7d5cfd-0c64-4441-ac47-5ae47b847a05,1
1847a478-c3ad-4246-926f-4dd8dcc3e811,4
3b9556f1-1169-4411-bbbd-963655344046,3
b667e5c8-35d8-4173-967e-02adbb68da71,5
28dc8dc6-2da0-4f58-b858-029547f741e9,1
0da9e084-33ea-414a-9275-5c098d3c69e1,2
b74e69ea-d5ea-4eda-b255-40b9e8f0371a,1
932837d4-1abf-4469-bd8b-97dc619bbf57,1
dab92140-d037-4af2-9646-52582e9b3afe,1
a22a9a70-fcd4-4dd8-a559-6231a8d5e710,1
9fc7f6df-57dd-47a7-8f59-10694b0565ea,1
406d8c1d-27d9-4aac-8a53-19c1124b619f,4
51a0f6ce-72f6-4e3f-a96f-ef68982f81e9,2
284a10e0-c1ad-4063-ba96-e23c29c2567e,2
4efcecd8-0756-4897-a4f2-cbef7a95f09c,3
3981fe62-b92d-4872-9d11-48d53f65c86e,3
766ab5b5-0f09-4654-bca5-6ca6632438f5,2
3f13019c-1634-4d86-9263-d9a282c08000,1
17400a20-ff5b-44e1-9e58-d36478307fe1,1
d6d19461-1062-41b0-9733-88b528d2e77c,3
f6935669-697f-411d-9f16-276f97987dd5,9
16b5c00e-8613-4dd8-a5e9-5270c1debdab,1
a9d4a2ea-ea55-49e3-a766-6c7f3d1da242,3
2171630a-2d5a-4f7e-9bf5-4758ea00705b,2
48c74efc-247f-49c4-8f91-d98bacbbde5a,1
98a95998-b828-4428-b40b-c3096f8670ae,1
1057849b-dfa6-465e-965a-9aa99a9b42fb,2
b7f7f4f1-c017-44cc-a4a4-49d30311cfe5,3
1f7ff347-9a49-46d8-9e2f-44473bc79bc5,2
4857af86-94f8-422f-9288-abb5a596b183,2
3d17d0cc-aa4a-4db5-b8e2-04e4b699f7c3,1
414e1aca-c943-496c-b800-73dae1fa4f6d,7
b7d7f8ff-e084-4a55-94a3-68e1b65d1224,1
f64e13d2-d702-43bd-a7a2-5909751604dc,1
d1448198-d454-46f3-b98e-ae0a9087eeb2,3
dd4e725a-629f-4f63-b6e3-909ac102c32c,2
9b644e91-ad9a-485b-a596-811f67e53dd2,1
99a59da3-a073-44b0-9d3a-6374475bcce0,1
e30518af-497c-4b70-b95c-0b90a299ce9f,2
6167cf97-5c37-4993-b7ef-0f6eb878f48e,1
eb4c55cc-57fb-4ee6-a41a-8538c81f562d,1
62b281e3-5e59-4c6c-9c6e-16ac65b5df8a,1
2e2e9b6f-11b2-4ea3-bf5a-4637957554c2,1
0e9571ea-5806-497c-b9f8-f57d69c1c77c,2
6dafd347-f1a5-4b1c-ac97-6dd29fdf869a,2
51dc1796-3c40-47b1-895c-0725eec946d1,3
227e2202-586b-40f8-9cd1-f98e67effe46,4
5ab6a7de-8c67-4492-9cb7-6a8b22c08725,1
1d402a1b-c28e-43b5-8c96-fb2928e088c0,1
a908317e-d172-4faa-8b1e-4e8c228a3227,5
05231034-202c-43d9-99b5-8c810ee5095d,2
22654e11-f378-4504-929e-6e6176d1f08a,1
39ae2703-eabe-4f58-85fa-49a14b391518,1
e24178c6-175e-46aa-8ab3-cc15687e24ba,1
d7a04e1f-b369-4312-abc9-1b83933a897b,4
14c4e3ea-a3de-404d-a7b7-d5cc7aa75459,3
22db2acb-b793-4735-bd20-b84fff55bac3,5
18434306-40f4-49c6-84ba-a94f57ea554f,2
1cf331c0-a59f-43c5-9b2e-1fa275907797,2
509a5240-90bb-4fa6-84a3-a78738e46b9c,2
00fd6a27-d46d-4a47-856d-4a1de05aac3a,1
060b5b3a-c943-4dff-b7da-b240e71d0098,2
df6a98ab-fca1-412f-bc5e-e96af7e00d50,1
f9e2f3c5-84e0-46df-a519-645e2f4222ac,1
97aac6b3-7b6d-4067-a22e-40e503aa1c34,2
0c865bf5-a1b9-40c6-bcb2-a06058b65843,1
8c1dd663-bfec-4e85-b0b6-f36ed9a39a33,2
cfb69d7f-1038-49f1-a9c4-83e58c672280,2
a92f853b-fdab-43c1-b433-15f731ac1c06,1
a3400502-2a7c-430d-b5d0-3e28e014118a,1
fa96d821-c1ad-433d-bb98-fb6960b49b97,1
5f7383fe-e5ac-4744-828e-cd3a44c3374e,1
e3cc6177-686c-496a-ade2-807381550dd8,1
61ec7bba-7fe4-46a3-842c-3623f1a7133c,1
281ba650-29e3-44e9-9cc6-d65f6627f98c,1
df55c9e3-258a-4da1-b3b6-887416ba3d4d,4
f3890542-c2b3-447c-9182-0109a5e4e557,1
5388357f-0d6e-46e9-aef9-36620b975b11,3
041ceed2-e73b-42fd-ac52-a98c0839d533,3
ed0a8f81-d1f4-42fe-be23-e2d93fee0b19,1
498d3ea4-3c4c-4e09-a063-65df2af0b2e0,1
b79878a4-023f-4f41-b645-b54a135eaa28,2
5a7b213c-c79b-48e2-ac99-ca6fb06592c8,1
6c00cc70-fd23-4b14-818e-647107d085b0,2
afb8a29f-194e-42ed-8576-d2355861aa42,2
9fe6d7b6-6cb5-4394-81fe-0fba25f57bc6,3
70327d9a-0569-47fa-be23-42b2aea92547,7
aafe4aab-d3c7-49c2-bbb8-e9a6d4467701,2
75bd856d-f8fa-4965-a6e5-c409f569b921,1
413ef180-a849-415a-b13b-42efc9a4e70a,1
d414de6b-34bd-41b9-bd29-2f137772608f,1
49e660c9-d84f-4936-97b0-82be627d6fe0,1
303a2d54-e917-4dcc-a6b2-d38056cc9b4d,4
83d9084f-bcdc-4927-bdae-a966cb2f3a1f,1
2d835096-239d-4bd3-8e54-095d605e3b75,1
77c2233c-c595-4969-bd49-2dbe26d6544b,1
78576d29-a8a3-4413-aa3e-0a6fda73ac42,1
51261f27-074b-4ae4-8fd5-19cef266ebe5,1
f861999c-3218-48eb-bb10-09d1c8f6f00e,1
45194d90-1bb5-484c-98aa-f0577bc8ca42,2
901344af-35f9-4c1f-bcf1-ae26226a7c46,1
e49a7064-6ce9-4db0-997a-53b6e4133b57,1
88956e3d-e39f-4a95-9d99-b0ac42e6c99d,2
02e55af1-d550-4acc-a8e7-d65deecbc4e6,2
2e2c1a4f-2528-4494-a82f-a6a9898b728a,2
2400f08c-6b6b-4d4f-9dc9-e9a380cbabed,1
6b2a2b5d-d5f5-4e1c-8599-310cc7780d67,2
ebaa295a-13a3-4dcc-adf5-a84648fa85e4,1
51213be3-48fc-4c03-a136-6bd214f6d596,1
706b3c77-d1ba-43a3-811b-e9cccfeb2e85,2
8e7401b5-4307-400c-b95b-fee0d2381347,1
7a75a174-b269-4ccd-8157-8c7454ada541,1
fe947226-a270-4b75-aab9-83d07bd3f0e7,1
05e4bc4c-e795-4abe-b204-a115d8435e12,1
92a42eb2-d82b-4470-8b32-12afc4eb9a0d,2
ef496152-0eb9-412d-b988-b8296a2bbe10,2
371b3b70-af83-4dfd-b97a-c6b035cc6a3d,3
061bdc55-d3a8-4fa0-8821-367d2d5209cf,4
83e36b10-378f-46e1-982c-e198f5b4162f,3
4cc3981d-0844-4d12-bf0e-29902b5d59ff,1
57261537-6942-4c38-9f58-c97d3f36bbf6,1
65f2730a-fec5-4ce1-88e1-e5599b565d3b,1
bf05a0be-a41b-43e1-b467-23d83ed4d821,1
e7bb0a10-4471-4178-88c2-ce7cdcf51af8,1
49ba9ec9-36f4-43ce-9312-8315fbe44286,2
64c4f979-2dc1-406e-b061-dd45759a4e01,2
88e7edee-671d-489e-9a3a-fdbb83267abc,1
4ed0f855-546d-4df8-9487-cd06f293706d,3
a55fb139-95b1-4b90-b2e7-db1bc847b08d,3
1c837849-22a3-402f-8bea-a841095165e4,4
829b9568-08ce-4f3f-9c76-5c56d5bab72b,1
a282cb7b-a50e-4e30-8f8c-d22d6b07dd6e,1
6013f14a-735b-4d16-9a49-4d13049cd0c2,1
b783e446-1515-40f3-82ea-3101d79c42a5,3
179bd82e-e9bc-4de9-901c-8de367c8d3dd,1
dd12d277-d38d-46d7-b1ea-384da0adef69,9
f66b3cac-5f5f-4b9e-9797-36b3728f7de9,1
0b9ea01f-6bbf-4432-bc2b-4ed613869367,1
6499ed22-28e5-429a-8b77-e8d726b47d2f,1
5e6165d3-14c7-4b8c-96b6-47710261d954,1
8841246c-747c-426b-9d6f-295f90d6882f,1
6a65d91d-6c80-4cf8-861f-05136f1efd30,1
b74a1cbd-8209-4db8-9a2c-cd7a4940d637,4
d3b5dc41-38f7-4250-9b4c-169b88182018,1
fdc7de0d-879b-4eb2-b712-ff09927ed1a2,2
8c090bac-ee25-4e16-bbf7-83c7e7d8151e,4
d160970a-c65d-496a-8f2f-ed1921bf7d78,2
cfeeade9-455f-4571-bc41-1335fe9be4d7,1
bb857774-aeb2-4ad0-949e-81965e78f62b,2
057cf872-20ae-4a9d-90ab-e551d29e388b,2
ab46dfd1-db25-4a78-a302-4dc47373ad4d,1
5e8d3d7d-5745-468c-8e0e-51e37b76af61,1
7d79fe39-da6e-4caf-83e4-7da20bedb8c7,2
b258407a-2246-4c63-8147-b338277da29b,1
3d9ca1cd-c408-4456-a975-03f8298a8752,1
656ef5bc-ca89-4d22-b3b2-474f58a9992b,2
b3ffa806-0657-42d0-8a68-0d11cda76662,1
1bcabadf-3a4d-4b43-8a01-0591c0cd5186,1
88e0bc89-1ac8-45f5-ad73-6987b91d78c6,1
c5e8526d-078e-4032-b096-248aced5df4a,2
a9db72c6-b0bb-483a-86ae-a2559f3b875c,1
1b99a0a5-e3f1-481b-83c3-98f42d652cff,1
fb0f5f01-4e5c-480d-a748-fbdb8cc6ae98,3
b120b307-4a94-4ae5-8050-77cc106c0509,2
787e15e9-d5cb-4fc1-849a-67d245fe85f8,2
9c9b7ff4-f74f-4f01-b1d8-91afd251dc57,1
2bd3c51f-9577-4091-a180-747be22aeaaa,3
931d6525-5193-4c78-81c2-850d5abb2f1c,1
862e067f-4809-42d2-b351-28dd482c4aef,2
1f4f8fa8-7d98-49fe-a4eb-1e32c642cdba,2
a730fb56-73b7-4a43-85c8-ac918b2f74d0,1
adc6d9ab-914e-4463-9d81-98e7eb3fe86b,3
8c6ded6d-bc44-41e2-b25f-8bba196c8068,2
e44426a7-9096-4f3d-af7f-867d9e02af77,2
9ffda359-68fb-42c7-9902-8ef82d74e48d,3
d55c8164-be25-4a7f-86f8-5fbc66f45c00,2
2df051ce-4160-446e-81db-7f5cc052a07c,1
2cf1646e-8c32-463d-84d0-9000bff33fa9,1
dc806e00-d9ad-4294-bb12-780029ada01f,1
7f4ee353-5543-476d-a601-520f80434368,3
6fc5cb21-e221-46b4-90e6-21e792222016,4
ed6f09bf-105d-4de7-b005-3329be85fa3a,3
82d94ffa-ef9f-4dd3-99bc-8c58987b6475,5
ef4b6034-85f5-4523-8320-be417207fada,3
f3a47e9f-1b7b-4b5d-91c3-92d8879b60cd,5
c93b8e47-8545-4c1f-89b3-30a7e03044c7,3
5ed5e0ff-ae01-4e2d-aa39-ec9dd050650d,4
2e21d0f5-5f08-4c32-a8aa-dc26f4967692,2
730e8d99-e867-40ea-a0c3-989579f1cf0b,1
5f3ab5c2-6a06-4d09-94b2-0d41ebf0dd30,2
91a8fd88-d67d-444a-992c-0defaa9280f9,1
33d1cb19-838c-4ed6-a7e8-785c6cfa03df,1
1c8290f9-fcae-46d2-b553-b824d76fcf74,1
20670e4a-cd45-4881-a2bb-78b5192b9a44,1
18ea04fd-c260-48c1-8c3d-4dac507a34d2,1
852f335c-1d97-4dd0-8e13-a3cebd052a7e,1
eb1a27c8-ca18-4f95-8c34-566dce0c2b3f,1
b17e84f5-cec8-4eed-8a7b-5c69ac14b959,1
471959b1-58b1-4c55-bfcf-28ba65125733,2
55f3b1c1-5122-4255-8713-cb05d96b318c,4
5c498497-9c9b-4730-af19-fa207008cb44,2
a1d8b482-80f3-4540-b54d-98be170d9231,1
3f378eef-b9c1-4569-b80a-d26312f2f8ab,2
18d1a750-62c4-4778-8377-f5c9424ac975,1
f8e9e6fc-71c4-41a9-8d10-8b70a55f72d3,2
d1a94916-6fec-4baf-b646-dfd496ddf02e,2
3dab8494-56b9-46d0-a72c-f9fd3aae4f70,3
18707632-7aa0-49f8-94cd-4e65f6792bc4,1
6768da32-b11a-4dc5-9bef-4833adf0a60d,1
daf59882-841d-4d29-a6d6-e4bc1a6f1b49,1
310acf2b-9f28-40c8-b118-6279187c2396,1
dccaecef-6663-4427-a011-5f053d31ee9c,1
2fdcd61c-81dd-471c-a745-13cf61722397,1
5390b55f-fe3b-4626-8e5e-1f1fd7091173,2
b3dfda84-e0d4-4798-b72a-6b2cbb12f84d,3
f5be9c6b-28e7-43ba-8669-20302099bba7,1
22437582-47d9-4610-b67d-5357d1a4954b,1
44f2aa2f-79b4-4a70-bce6-1f239ccf29f3,1
c464cbd6-6022-4cc1-8c1e-055f77603e3a,1
26b57840-2321-4526-927a-ef00bbf28bc9,1
bdd881fb-1ad1-4db3-9b18-bae781dde72f,3
6928b673-ab0c-4f75-b582-d7e2a95eeebd,1
5b7214f6-2e9f-4442-bd47-e17fe5f988a9,1
0986b6fb-dd5b-47bb-be02-1812e9ef719d,1
23ef2471-7163-4071-ab31-ffa80e5a3254,3
13951ec2-a8b9-4fda-9e38-74cf80d179c0,1
80423a27-962c-43e5-b0ba-25156dcb0e6d,8
9fd47053-d3c7-47e0-9e15-191104bf13bd,1
d877043b-4847-41a7-9f3d-b7b24ab98ac4,1
2fdd7910-80ca-4810-ace6-afc47e41a03a,1
61aac953-3ed2-4205-996d-67255ccd18cc,1
d257489e-6a5e-4506-aaa4-067df2b3938f,1
a82eec87-745b-4da1-87f6-c542c65792ee,1
bf4f22a8-2cc0-4194-97fe-2d7068b8223e,1
0cb2e0e6-12ff-48ad-b9f9-c2c454f7b72a,1
c3d49951-ae81-4dfc-a582-a3e402c04568,1
50d12eb0-1c37-490d-a6ed-e283982b5409,2
8ed1d6ae-be81-46a9-be0f-e73ce792bfc2,1
01cb9ff0-3621-43cd-a7b6-2a562b00c67c,4
4df9f2aa-85ac-46c4-9be5-9ace5d5ed391,3
eebec87a-c1c3-41a0-a310-6ff5de05bdf8,4
c82fafc4-26a4-470d-992b-2f15eeb31099,1
e6403689-9e14-4684-90d7-fe24122c5096,2
8cd15978-4b26-4eeb-bd25-ad6dbb1d61b1,1
3847968d-b529-479c-b371-1d65b973a440,1
